AssetID,Region,System,AssetType,Material,CoatingType,SeamType,ClassLocation,HCA_Flag,SoilCorrosivityIndex,MAOP_psig,PipeToSoilPotential_mV,AgeYears,DiameterInches,CPStatus,CorrosionRiskScore_Rubric,LabelDate,CorrosionFinding,ILI_Anomalies_Label,LeakReported,RepairPerformed
A100001,Sierra,Distribution,Test Station,Steel,Coal Tar,ERW,2.0,N,1.0,74.30237202695929,-903.9744076195452,43.4,2.0905142795415212,Adequate,6.0,2025-05-15,0,1,0,0
A100004,Central Coast,Transmission,Regulator Station,N/A,Tape Wrap,ERW,3.0,N,4.0,215.64762335917288,-881.77830329622,28.0,32.08969149145859,Underprotected,9.0,2025-05-15,0,5,0,0
A100006,San Francisco,Transmission,Test Station,N/A,None/Unknown,SAW,1.0,N,5.0,297.87223058954913,-826.5786251557005,68.7,21.837584951994028,Underprotected,10.0,2025-05-15,1,6,0,0
A100007,Central Coast,Distribution,Test Station,Steel,FBE,Seamless,3.0,N,3.0,60.0,-944.6399895429013,37.2,15.7740804599453,Adequate,5.0,2025-05-15,1,5,0,0
A100008,East Bay,Transmission,Test Station,Steel,Coal Tar,SAW,3.0,N,2.0,291.99266749854354,-874.6569358461154,41.2,18.31766213285783,Underprotected,9.0,2025-05-15,0,3,1,0
A100009,Sierra,Transmission,CP Rectifier,Steel,N/A,ERW,1.0,N,1.0,227.12028477379303,-1015.2251310473662,16.1,17.045369560779257,Adequate,4.0,2025-05-15,1,3,0,0
A100012,South Bay,Distribution,Test Station,Steel,N/A,Seamless,1.0,N,3.0,98.87565023328617,-940.2912661117305,29.8,3.6659735276960816,Adequate,6.0,2025-05-15,0,1,0,0
A100013,East Bay,Distribution,Pipeline Casing,PE,Tape Wrap,N/A,2.0,N,4.0,112.71600025964989,-842.1423570661341,17.3,12.154390789460237,Adequate,8.0,2025-05-15,0,1,0,0
A100014,North Bay,Distribution,Gas Distribution Main,Steel,None/Unknown,N/A,3.0,Y,3.0,219.29944028657007,-880.6060119791238,55.8,18.236819943335288,Unknown,9.0,2025-05-15,0,2,0,0
A100016,Central Coast,Distribution,Test Station,Steel,Tape Wrap,N/A,1.0,N,4.0,60.0,-893.3783857128652,13.2,2.8169327874771746,Overprotected,8.0,2025-05-15,0,6,1,0
A100017,North Bay,Distribution,Gas Transmission Pipeline,PE,FBE,ERW,2.0,N,3.0,83.2744449634561,-824.7994873728117,19.1,3.019058808704406,Underprotected,8.0,2025-05-15,0,4,0,0
A100019,San Francisco,Distribution,Regulator Station,Steel,Asphalt Enamel,SAW,1.0,Y,2.0,110.50840227526902,-832.9531601677115,69.7,3.9173224620192286,Adequate,8.0,2025-05-15,0,3,0,0
A100021,San Francisco,Distribution,Anode Bed,Steel,None/Unknown,Seamless,2.0,N,3.0,110.24022954756354,-823.2776688097532,60.9,2.1319195213504756,Underprotected,10.0,2025-05-15,0,3,0,1
A100024,East Bay,Transmission,Regulator Station,Steel,FBE,ERW,2.0,Y,2.0,262.2838667569987,-914.0333458919733,9.4,24.16872570994869,Unknown,5.0,2025-05-15,1,2,0,0
A100026,South Bay,Distribution,Launcher/Receiver,Steel,Coal Tar,ERW,1.0,N,5.0,118.40898983771379,-920.5922481231638,46.0,23.502301723250387,Adequate,9.0,2025-05-15,0,6,1,0
A100027,Central Coast,Distribution,Gas Distribution Main,N/A,None/Unknown,ERW,1.0,N,3.0,125.67315737820003,-697.9508026563257,14.2,10.818603300824055,Adequate,8.0,2025-05-15,1,5,0,0
A100029,Central Coast,Distribution,Launcher/Receiver,Steel,Asphalt Enamel,ERW,1.0,N,5.0,82.73633439316531,-818.1376302575936,61.3,16.366375713775724,Adequate,10.0,2025-05-15,0,6,0,0
A100030,Central Coast,Transmission,Gas Distribution Main,Steel,N/A,Seamless,2.0,N,2.0,275.8203227151766,-819.3574705572345,20.5,23.62517361402685,Unknown,6.0,2025-05-15,0,0,0,0
A100031,South Bay,Transmission,Gas Transmission Pipeline,Steel,Tape Wrap,Seamless,3.0,N,4.0,238.58052644461802,-923.032710955435,66.7,16.071795831452654,Unknown,9.0,2025-05-15,0,1,0,0
A100035,Central Coast,Distribution,Pipeline Casing,N/A,FBE,ERW,3.0,N,3.0,162.5610482158109,-970.449679560031,42.5,8.679246526502691,Unknown,5.0,2025-05-15,0,3,0,0
A100036,North Bay,Distribution,CP Rectifier,Steel,Coal Tar,Seamless,2.0,Y,2.0,92.90384871427345,-892.0267726572895,38.6,8.083234858247458,Adequate,7.0,2025-05-15,1,4,0,0
A100037,San Francisco,Transmission,Launcher/Receiver,Steel,FBE,SAW,1.0,Y,2.0,378.6178206778326,-779.2374106472489,59.4,16.36734421293793,Adequate,8.0,2025-05-15,0,3,0,0
A100039,Sierra,Transmission,Test Station,PE,None/Unknown,ERW,1.0,N,4.0,265.83275955433385,-877.0636388603688,9.7,39.98633576041155,Adequate,7.0,2025-05-15,0,2,0,0
A100040,North Bay,Transmission,Regulator Station,Steel,Tape Wrap,N/A,3.0,Y,5.0,263.251770934291,-747.4192104538517,36.1,19.396688417826226,Adequate,10.0,2025-05-15,1,6,0,0
A100042,Central Coast,Distribution,Anode Bed,Steel,FBE,Seamless,3.0,N,1.0,121.88382789000772,-867.6445475183892,49.1,14.063291906723084,Underprotected,5.0,2025-05-15,0,0,0,1
A100044,San Francisco,Transmission,Valve Station,Steel,Coal Tar,SAW,1.0,N,5.0,285.64012352178753,-937.8487721683513,28.9,23.747851373210775,Adequate,9.0,2025-05-15,0,3,0,0
A100046,South Bay,Transmission,Launcher/Receiver,PE,Tape Wrap,ERW,2.0,N,2.0,277.24199962662414,-850.6246955897684,25.4,19.145928652208642,Unknown,6.0,2025-05-15,0,3,0,0
A100047,San Francisco,Distribution,Valve Station,Steel,FBE,SAW,2.0,N,4.0,106.61385141076585,-836.0157815552595,39.6,23.48766205120687,Adequate,8.0,2025-05-15,0,5,0,0
A100049,Central Coast,Transmission,Regulator Station,Steel,Asphalt Enamel,Seamless,1.0,Y,4.0,257.36601280861214,-922.3563069911802,39.2,21.276139068939184,Adequate,8.0,2025-05-15,0,4,0,0
A100050,San Francisco,Distribution,Valve Station,PE,FBE,SAW,2.0,N,4.0,174.16559106341649,-756.2804940655504,47.9,15.160207770759087,Overprotected,9.0,2025-05-15,0,4,0,1
A100051,Sierra,Distribution,CP Rectifier,Steel,FBE,ERW,1.0,N,4.0,122.12972070449426,-845.1400469787699,62.8,17.155234348903374,Adequate,8.0,2025-05-15,0,4,0,0
A100053,Sierra,Transmission,Gas Transmission Pipeline,Cast Iron,Asphalt Enamel,N/A,3.0,N,2.0,220.73967310317076,-860.0086391679785,24.2,27.132153719443682,Adequate,5.0,2025-05-15,0,1,0,0
A100054,East Bay,Distribution,Service Line/Riser,Steel,Asphalt Enamel,ERW,4.0,N,5.0,90.65837206614054,-963.7539601338173,28.9,5.364377047484705,Overprotected,9.0,2025-05-15,0,4,0,0
A100055,South Bay,Distribution,CP Rectifier,Steel,N/A,N/A,1.0,Y,3.0,84.42060204675747,-886.0572466484427,17.3,15.781320076657485,Overprotected,7.0,2025-05-15,1,4,0,0
A100056,South Bay,Transmission,CP Rectifier,Steel,FBE,N/A,2.0,N,1.0,324.1799322299786,-804.6832218340656,54.4,31.592397398381895,Adequate,5.0,2025-05-15,0,1,0,0
A100059,San Francisco,Distribution,Test Station,Steel,FBE,Seamless,2.0,N,2.0,60.0,-871.623659335351,11.0,9.609826685443064,Adequate,5.0,2025-05-15,0,4,1,0
A100060,Sierra,Transmission,Pipeline Casing,Steel,Coal Tar,Seamless,3.0,N,3.0,272.2089163144491,-950.4539467847193,38.6,18.279370462075697,Adequate,7.0,2025-05-15,0,1,0,0
A100063,South Bay,Distribution,Anode Bed,Steel,Asphalt Enamel,SAW,4.0,N,3.0,117.18580025385252,-927.1045891499527,40.5,4.322238569505384,Adequate,6.0,2025-05-15,0,3,0,0
A100065,San Francisco,Transmission,Anode Bed,Steel,Coal Tar,N/A,2.0,N,3.0,205.72625901955092,-872.8107296077882,49.4,21.435615808625386,Adequate,7.0,2025-05-15,0,3,0,0
A100068,North Bay,Distribution,Pipeline Casing,Steel,N/A,ERW,1.0,N,3.0,73.27778387022353,-1023.7161538249343,57.9,12.615250922430855,Adequate,7.0,2025-05-15,0,1,0,0
A100069,South Bay,Distribution,Valve Station,PE,Asphalt Enamel,SAW,1.0,Y,1.0,96.44773704863724,-821.0164967744845,8.2,4.833547065122021,Adequate,7.0,2025-05-15,0,4,0,0
A100071,North Bay,Distribution,Service Line/Riser,Steel,Tape Wrap,ERW,2.0,N,4.0,60.37073303817561,-952.3849496036606,22.9,8.670465705767517,Overprotected,8.0,2025-05-15,1,4,0,1
A100074,East Bay,Transmission,Valve Station,PE,Tape Wrap,N/A,2.0,N,2.0,245.6651390103402,-915.350487209288,10.3,29.927566515622996,Unknown,5.0,2025-05-15,0,2,0,0
A100077,North Bay,Transmission,Anode Bed,Steel,Asphalt Enamel,ERW,1.0,Y,4.0,326.21744882522444,-788.3663333034879,22.5,19.443675400069218,Adequate,9.0,2025-05-15,0,3,0,0
A100081,San Francisco,Transmission,CP Rectifier,Steel,Asphalt Enamel,SAW,1.0,N,4.0,234.95960368675313,-918.0929025217721,67.1,28.980710025201645,Underprotected,10.0,2025-05-15,0,4,1,0
A100083,San Francisco,Distribution,Anode Bed,Steel,FBE,SAW,1.0,N,5.0,103.9911141662475,-957.9806224116494,8.5,3.7649089803363793,Adequate,7.0,2025-05-15,0,2,0,0
A100088,East Bay,Distribution,Gas Transmission Pipeline,Steel,Tape Wrap,N/A,1.0,N,1.0,66.29530102919969,-971.405682025006,68.3,20.143408336625832,Adequate,5.0,2025-05-15,0,2,0,0
A100089,South Bay,Distribution,CP Rectifier,Steel,N/A,Seamless,3.0,N,3.0,110.52661445463603,-893.4364369506559,28.5,13.451293309810191,Underprotected,8.0,2025-05-15,0,4,1,0
A100095,Sierra,Transmission,Pipeline Casing,Steel,Coal Tar,SAW,3.0,N,5.0,198.9227053926922,-956.5201271080343,24.6,22.23351793957727,Adequate,8.0,2025-05-15,0,3,0,0
A100096,South Bay,Transmission,CP Rectifier,Steel,N/A,Seamless,1.0,N,4.0,247.6641479902229,-914.649839897525,42.8,20.893952209093978,Underprotected,9.0,2025-05-15,1,5,0,0
A100097,North Bay,Distribution,CP Rectifier,Steel,Tape Wrap,N/A,1.0,Y,3.0,63.865384879981875,-913.036840219512,53.3,8.12956605139524,Adequate,9.0,2025-05-15,0,5,0,0
A100098,Central Coast,Transmission,Regulator Station,PE,N/A,N/A,2.0,N,1.0,154.31311950157604,-859.8111327441527,6.7,28.495764664059006,Overprotected,3.0,2025-05-15,0,1,0,0
A100100,Central Coast,Transmission,Regulator Station,Steel,FBE,N/A,1.0,N,5.0,230.99583847887124,-919.6696273054064,58.1,29.77020510165943,Adequate,8.0,2025-05-15,0,3,0,0
A100101,North Bay,Distribution,CP Rectifier,Steel,Tape Wrap,N/A,1.0,N,3.0,92.18002033547025,-913.647342503185,66.5,18.74680532774216,Adequate,7.0,2025-05-15,0,3,0,1
A100102,San Francisco,Distribution,Anode Bed,PE,FBE,SAW,3.0,N,3.0,60.0,-887.6043362574047,5.3,8.160775647207636,Unknown,5.0,2025-05-15,0,1,0,0
A100103,Sierra,Distribution,Regulator Station,Steel,N/A,ERW,1.0,N,1.0,82.53516465996904,-932.2875758341977,27.1,13.854854778910006,Unknown,4.0,2025-05-15,0,1,0,0
A100104,Central Coast,Distribution,Launcher/Receiver,Steel,FBE,N/A,1.0,N,1.0,108.66331951867204,-893.2018114558938,59.8,2.0,Underprotected,6.0,2025-05-15,0,3,0,0
A100106,North Bay,Distribution,Valve Station,PE,Tape Wrap,N/A,1.0,Y,4.0,124.17894732117503,-812.8006935365053,8.5,16.19921025181933,Adequate,9.0,2025-05-15,0,5,0,0
A100107,South Bay,Transmission,Regulator Station,Steel,FBE,Seamless,1.0,N,2.0,254.3511098083123,-902.2097466567172,30.4,22.53614544440948,Adequate,5.0,2025-05-15,0,2,1,0
A100110,Sierra,Distribution,Test Station,Steel,None/Unknown,SAW,1.0,N,5.0,91.2536947172685,-785.0632629417603,10.0,21.430096519782104,Unknown,10.0,2025-05-15,0,5,0,0
A100111,Central Coast,Transmission,Service Line/Riser,PE,Tape Wrap,SAW,4.0,N,5.0,248.66698308784996,-885.3002545278362,37.8,27.92436017366815,Adequate,8.0,2025-05-15,0,3,0,0
A100112,South Bay,Distribution,Test Station,Steel,N/A,SAW,1.0,N,1.0,145.82984843647932,-865.0697557295781,29.1,2.0,Adequate,4.0,2025-05-15,0,1,0,0
A100114,San Francisco,Distribution,CP Rectifier,PE,N/A,SAW,2.0,N,4.0,79.22993205403274,-846.4440777197523,15.4,13.26045044206265,Underprotected,9.0,2025-05-15,0,5,0,0
A100115,East Bay,Distribution,Test Station,PE,Tape Wrap,ERW,1.0,N,4.0,79.95060366285317,-849.11766388744,33.9,2.0,Adequate,9.0,2025-05-15,0,4,0,0
A100117,San Francisco,Distribution,Regulator Station,Cast Iron,FBE,SAW,4.0,N,5.0,99.5154491818178,-915.8468425326627,41.4,16.621806658924424,Overprotected,8.0,2025-05-15,0,4,0,0
A100118,South Bay,Transmission,Service Line/Riser,Steel,Asphalt Enamel,ERW,3.0,N,3.0,261.4397506236136,-870.9036273622609,30.3,12.288529388268543,Overprotected,7.0,2025-05-15,0,4,0,0
A100119,San Francisco,Transmission,Valve Station,PE,Coal Tar,Seamless,1.0,Y,3.0,208.71383257846884,-937.7110542328757,16.8,21.67697313586556,Underprotected,9.0,2025-05-15,1,5,0,0
A100120,Sierra,Transmission,Pipeline Casing,PE,FBE,Seamless,2.0,N,4.0,271.4275393818992,-909.0094859679598,14.4,14.86208848363928,Underprotected,7.0,2025-05-15,0,5,0,0
A100124,Central Coast,Distribution,Service Line/Riser,Steel,Coal Tar,SAW,1.0,N,3.0,77.18218012376657,-815.9948424335822,31.8,16.817508246753682,Unknown,10.0,2025-05-15,1,4,1,1
A100125,San Francisco,Transmission,Service Line/Riser,Steel,FBE,SAW,2.0,N,2.0,262.91075491001044,-823.3454649058117,38.6,40.72837563233176,Overprotected,7.0,2025-05-15,1,5,0,0
A100126,South Bay,Distribution,Anode Bed,Steel,Tape Wrap,N/A,3.0,Y,5.0,118.42033395993742,-834.6847066249693,46.0,8.192591995245749,Underprotected,10.0,2025-05-15,0,4,1,1
A100127,North Bay,Transmission,CP Rectifier,Steel,Tape Wrap,N/A,1.0,N,5.0,249.75283969222434,-876.6528278990795,19.8,28.944203418932418,Underprotected,10.0,2025-05-15,0,2,0,0
A100128,San Francisco,Transmission,Launcher/Receiver,Steel,None/Unknown,Seamless,3.0,N,2.0,275.78558300234914,-909.5360960702506,55.2,35.63910752600722,Unknown,7.0,2025-05-15,0,4,0,0
A100130,San Francisco,Distribution,Service Line/Riser,Steel,None/Unknown,Seamless,3.0,Y,1.0,103.56020148008338,-870.382431114737,30.0,8.970131923141956,Adequate,6.0,2025-05-15,0,3,0,0
A100131,North Bay,Transmission,Service Line/Riser,Steel,Tape Wrap,N/A,1.0,N,5.0,261.5043121820952,-759.3896512233437,57.4,34.067972474105744,Overprotected,10.0,2025-05-15,0,4,0,0
A100132,East Bay,Distribution,Gas Transmission Pipeline,PE,None/Unknown,SAW,2.0,Y,2.0,159.25899886829592,-800.3972202996481,45.5,15.310689263007719,Unknown,10.0,2025-05-15,0,5,0,0
A100133,San Francisco,Transmission,CP Rectifier,Steel,N/A,ERW,2.0,N,4.0,273.01306091580835,-856.8400972562996,62.6,21.723811234626915,Underprotected,9.0,2025-05-15,0,5,0,0
A100135,San Francisco,Distribution,Valve Station,Steel,None/Unknown,ERW,3.0,Y,5.0,98.82259922677508,-903.7276625451361,23.8,13.63686758069207,Unknown,10.0,2025-05-15,1,6,0,0
A100136,North Bay,Transmission,Regulator Station,Steel,N/A,SAW,2.0,Y,1.0,272.6208942012836,-866.2026459261997,63.6,15.555021869882246,Adequate,5.0,2025-05-15,0,4,1,0
A100140,East Bay,Distribution,Service Line/Riser,Steel,FBE,N/A,1.0,N,5.0,106.38178277526123,-944.7878006780589,55.5,12.469828646140696,Adequate,8.0,2025-05-15,0,2,0,0
A100141,East Bay,Transmission,Anode Bed,Steel,Asphalt Enamel,SAW,2.0,N,1.0,244.64087904985453,-762.5031620166218,13.8,21.708917275017235,Unknown,6.0,2025-05-15,0,2,0,0
A100142,Central Coast,Transmission,Test Station,Steel,FBE,ERW,1.0,N,2.0,208.26038938490947,-938.751109857128,38.7,26.202443086569502,Underprotected,6.0,2025-05-15,0,4,0,0
A100143,San Francisco,Transmission,Valve Station,PE,FBE,Seamless,2.0,Y,4.0,271.64334895308014,-893.222917284314,65.8,20.582332385709655,Adequate,7.0,2025-05-15,1,4,0,0
A100144,Central Coast,Distribution,Launcher/Receiver,Steel,Coal Tar,SAW,3.0,N,3.0,60.0,-847.0299888799259,7.2,15.721994545775965,Underprotected,10.0,2025-05-15,1,7,0,0
A100149,North Bay,Distribution,Pipeline Casing,Steel,Tape Wrap,N/A,2.0,N,2.0,73.1565877254099,-941.7742654164672,36.4,12.244615777746706,Overprotected,6.0,2025-05-15,0,3,0,0
A100151,Sierra,Distribution,Gas Distribution Main,PE,Asphalt Enamel,ERW,2.0,Y,5.0,60.0,-882.0679776822352,49.6,17.359968450151257,Unknown,9.0,2025-05-15,0,4,0,0
A100152,San Francisco,Transmission,Launcher/Receiver,Steel,Asphalt Enamel,N/A,2.0,N,2.0,295.5351631538191,-905.1178650422203,33.5,26.90010375973398,Underprotected,7.0,2025-05-15,0,2,0,0
A100153,South Bay,Distribution,Valve Station,PE,Asphalt Enamel,SAW,4.0,N,2.0,60.0,-1027.3262698811545,54.4,23.074252139695016,Adequate,5.0,2025-05-15,0,3,0,0
A100154,North Bay,Distribution,Regulator Station,Steel,Tape Wrap,ERW,1.0,N,1.0,99.27560318044168,-990.2769393003655,30.9,12.63977120935316,Unknown,5.0,2025-05-15,0,1,0,0
A100155,East Bay,Distribution,Gas Distribution Main,Steel,FBE,ERW,3.0,N,1.0,159.1567837562727,-752.9447487382567,63.8,15.308049841936985,Unknown,6.0,2025-05-15,0,1,0,0
A100157,Central Coast,Distribution,CP Rectifier,Steel,Coal Tar,ERW,1.0,N,4.0,115.33938490314819,-776.2349523108387,53.7,7.260202851051803,Adequate,10.0,2025-05-15,0,3,0,0
A100160,East Bay,Transmission,Gas Transmission Pipeline,Steel,Coal Tar,Seamless,3.0,N,3.0,267.21932441579855,-793.1418601971518,60.3,27.70304292620387,Overprotected,9.0,2025-05-15,0,5,0,0
A100163,North Bay,Distribution,Pipeline Casing,Steel,FBE,SAW,3.0,N,5.0,117.99999615819232,-902.2262432890002,48.7,22.881220690321413,Unknown,9.0,2025-05-15,0,5,0,0
A100164,Central Coast,Distribution,Service Line/Riser,PE,Coal Tar,ERW,1.0,N,1.0,154.35468644730446,-935.0919394825605,14.5,13.38845403442807,Adequate,4.0,2025-05-15,0,3,0,0
A100167,San Francisco,Distribution,Regulator Station,Steel,Coal Tar,SAW,3.0,N,5.0,60.0,-885.9690350877235,36.0,14.87792721797049,Adequate,10.0,2025-05-15,0,6,0,0
A100168,San Francisco,Distribution,Regulator Station,Steel,None/Unknown,Seamless,1.0,N,1.0,79.2132694593048,-863.5137234464953,49.4,7.503037619651746,Unknown,6.0,2025-05-15,0,2,0,0
A100172,San Francisco,Distribution,Pipeline Casing,Steel,None/Unknown,N/A,3.0,N,2.0,82.92271542341237,-890.5685058928677,58.8,14.544852423513596,Adequate,7.0,2025-05-15,0,4,0,0
A100176,East Bay,Transmission,Test Station,PE,Coal Tar,Seamless,3.0,N,5.0,187.34820734495827,-779.5186991842534,50.7,38.25910579135823,Adequate,10.0,2025-05-15,0,4,0,0
A100177,Sierra,Transmission,Launcher/Receiver,Steel,None/Unknown,Seamless,1.0,N,4.0,241.1124301603103,-896.0325583667158,60.8,29.98358624854962,Underprotected,10.0,2025-05-15,0,3,0,0
A100179,East Bay,Transmission,Gas Distribution Main,PE,Tape Wrap,ERW,2.0,Y,2.0,254.49535644888414,-852.2302957190907,66.9,25.504591650770273,Adequate,7.0,2025-05-15,0,1,0,0
A100181,North Bay,Distribution,Valve Station,PE,FBE,N/A,2.0,N,1.0,60.0,-822.9876362176046,33.1,14.625292216830347,Adequate,4.0,2025-05-15,0,1,0,0
A100188,Central Coast,Transmission,Valve Station,Steel,FBE,Seamless,2.0,Y,4.0,240.96267208749438,-841.0284888969059,58.6,19.691413083389413,Underprotected,10.0,2025-05-15,0,6,0,1
A100189,South Bay,Distribution,Test Station,Steel,FBE,SAW,2.0,N,3.0,84.67877267332202,-846.8010591638811,66.0,10.067857036745314,Unknown,8.0,2025-05-15,1,4,0,0
A100190,San Francisco,Transmission,Regulator Station,Steel,Asphalt Enamel,SAW,2.0,N,3.0,251.58135382864967,-929.1909098083672,57.9,20.1326949795507,Overprotected,7.0,2025-05-15,0,4,0,0
A100191,San Francisco,Transmission,CP Rectifier,Steel,Tape Wrap,SAW,3.0,Y,3.0,314.54571999812276,-890.6434054544262,64.5,30.736297664457958,Unknown,9.0,2025-05-15,1,6,1,0
A100194,San Francisco,Transmission,Service Line/Riser,Steel,Asphalt Enamel,SAW,3.0,N,1.0,287.1977826099917,-944.6086718659394,49.8,31.111808394155876,Adequate,4.0,2025-05-15,0,2,0,0
A100198,Sierra,Distribution,Gas Distribution Main,Steel,Tape Wrap,N/A,1.0,N,1.0,100.96397310140532,-771.7288656332684,25.1,16.50161212758197,Overprotected,7.0,2025-05-15,0,4,0,0
A100199,South Bay,Distribution,Service Line/Riser,Steel,Tape Wrap,Seamless,2.0,N,1.0,96.06490243262782,-872.7500097992213,45.5,20.706900100284194,Unknown,5.0,2025-05-15,1,4,0,0
A100203,Central Coast,Distribution,Service Line/Riser,Steel,Coal Tar,Seamless,2.0,Y,5.0,141.5790677762866,-861.2269542120157,24.9,19.847195365375562,Adequate,9.0,2025-05-15,0,3,0,0
A100206,Central Coast,Distribution,Valve Station,PE,FBE,N/A,2.0,Y,5.0,203.3705259372726,-944.2198893395843,43.9,13.974082170340203,Unknown,8.0,2025-05-15,1,5,0,0
A100209,North Bay,Transmission,Valve Station,Steel,N/A,ERW,3.0,N,5.0,256.16269790438594,-826.0176840796976,40.0,16.558964559129784,Unknown,10.0,2025-05-15,0,4,0,0
A100210,Sierra,Transmission,Test Station,Steel,None/Unknown,Seamless,2.0,Y,2.0,270.8800584705093,-910.3510685662966,42.9,28.030820463703257,Adequate,7.0,2025-05-15,0,4,0,0
A100213,South Bay,Transmission,Valve Station,PE,Coal Tar,ERW,1.0,Y,1.0,281.422780329683,-848.0665287724554,13.5,20.89788206035996,Underprotected,9.0,2025-05-15,0,6,0,0
A100215,East Bay,Distribution,Test Station,Steel,N/A,ERW,1.0,N,2.0,60.0,-1000.0125432414538,53.9,7.021411324654576,Overprotected,6.0,2025-05-15,0,0,0,0
A100218,San Francisco,Distribution,Test Station,PE,Tape Wrap,SAW,3.0,N,2.0,66.22451580330187,-853.1222284715259,7.3,17.34718275143857,Unknown,5.0,2025-05-15,0,4,1,0
A100219,North Bay,Distribution,Gas Distribution Main,PE,Coal Tar,SAW,2.0,N,4.0,60.0,-814.6455504943544,57.3,17.096885498130206,Adequate,9.0,2025-05-15,0,3,0,0
A100221,San Francisco,Transmission,Launcher/Receiver,Steel,FBE,N/A,2.0,Y,4.0,267.3112375684391,-846.0339994550197,34.2,22.059002607417344,Adequate,10.0,2025-05-15,0,5,0,0
A100222,South Bay,Distribution,Service Line/Riser,Steel,Tape Wrap,Seamless,1.0,N,3.0,60.45352087811594,-950.0493449705507,51.2,9.91482516490843,Unknown,8.0,2025-05-15,0,4,0,0
A100223,San Francisco,Transmission,Gas Distribution Main,Steel,Asphalt Enamel,SAW,1.0,Y,4.0,233.46392035047683,-807.1016256266427,45.1,30.476289572261297,Adequate,10.0,2025-05-15,0,6,1,0
A100225,South Bay,Distribution,Pipeline Casing,Steel,Asphalt Enamel,Seamless,3.0,N,2.0,82.55372684690379,-894.4912624108707,19.7,4.738613132433951,Underprotected,7.0,2025-05-15,0,5,0,0
A100226,San Francisco,Transmission,Valve Station,Steel,None/Unknown,N/A,2.0,Y,4.0,234.15196555274412,-788.7342566524256,66.2,19.350521756459422,Adequate,10.0,2025-05-15,0,3,0,1
A100227,North Bay,Transmission,Gas Transmission Pipeline,PE,Coal Tar,N/A,2.0,N,1.0,314.0749641710489,-834.4348209392195,54.9,28.259464135323622,Adequate,7.0,2025-05-15,0,3,0,0
A100229,East Bay,Distribution,Anode Bed,Steel,FBE,N/A,1.0,Y,5.0,148.48683950676036,-984.7179361726396,32.9,24.109577386154385,Adequate,8.0,2025-05-15,0,2,0,0
A100231,East Bay,Transmission,Regulator Station,Steel,Coal Tar,SAW,2.0,N,3.0,325.11058153173866,-895.0941432081231,29.6,27.951131771866425,Adequate,7.0,2025-05-15,0,3,0,0
A100236,Central Coast,Distribution,Anode Bed,Steel,Tape Wrap,SAW,2.0,Y,4.0,136.30182263287682,-893.3843667678736,49.3,10.178627135952263,Unknown,9.0,2025-05-15,0,2,0,0
A100237,East Bay,Distribution,Test Station,Steel,N/A,Seamless,3.0,N,1.0,93.08375675250758,-840.8603080150359,61.5,14.649338407073841,Unknown,7.0,2025-05-15,0,3,0,0
A100241,Sierra,Distribution,Test Station,Steel,FBE,N/A,1.0,N,2.0,60.0,-972.6959907347231,7.7,8.876871747346845,Underprotected,6.0,2025-05-15,0,4,1,0
A100242,San Francisco,Transmission,Gas Transmission Pipeline,N/A,Coal Tar,Seamless,3.0,N,3.0,252.6198070983723,-979.8415707668022,39.0,16.15974411068943,Unknown,7.0,2025-05-15,0,5,0,0
A100243,East Bay,Transmission,Service Line/Riser,Steel,FBE,Seamless,1.0,N,2.0,115.04699984113822,-973.2254444600214,30.4,25.979526597525467,Unknown,5.0,2025-05-15,1,4,0,0
A100245,South Bay,Transmission,Launcher/Receiver,Cast Iron,N/A,Seamless,3.0,N,4.0,315.16936032093633,-897.8833182098718,7.7,28.783272371596837,Adequate,7.0,2025-05-15,0,4,0,0
A100246,Central Coast,Distribution,Test Station,PE,None/Unknown,Seamless,1.0,Y,1.0,69.5366365983435,-995.0158419873792,7.0,15.784502763382775,Underprotected,7.0,2025-05-15,0,3,0,0
A100247,North Bay,Transmission,Valve Station,Steel,Asphalt Enamel,SAW,2.0,Y,5.0,252.30986355676555,-824.3533260873758,44.3,28.86398461685011,Underprotected,10.0,2025-05-15,0,3,0,0
A100251,East Bay,Distribution,Service Line/Riser,PE,None/Unknown,ERW,1.0,N,4.0,116.2213815969454,-953.2201234628585,35.4,22.933561953807995,Adequate,8.0,2025-05-15,1,5,0,0
A100253,North Bay,Transmission,Regulator Station,PE,N/A,ERW,2.0,Y,1.0,276.35063457712226,-823.1074435966016,26.6,23.856460800262326,Adequate,6.0,2025-05-15,0,2,0,0
A100254,San Francisco,Distribution,Service Line/Riser,Steel,Coal Tar,SAW,2.0,N,3.0,105.33580386255441,-942.3046917247799,45.8,20.697605120463038,Unknown,9.0,2025-05-15,0,1,0,0
A100255,San Francisco,Distribution,Test Station,Steel,FBE,SAW,1.0,N,5.0,125.11181850407984,-835.5230007104116,44.7,14.129872964321873,Overprotected,10.0,2025-05-15,0,3,0,0
A100256,North Bay,Distribution,Gas Distribution Main,Steel,Coal Tar,N/A,1.0,N,4.0,123.65928531606224,-878.688576940498,30.2,12.950103977906572,Adequate,8.0,2025-05-15,0,1,0,0
A100257,North Bay,Distribution,Gas Distribution Main,Steel,Asphalt Enamel,ERW,4.0,Y,2.0,116.52580196734466,-886.9882128938186,31.5,8.497468447267407,Adequate,6.0,2025-05-15,0,4,0,0
A100260,East Bay,Transmission,Regulator Station,PE,N/A,N/A,1.0,N,5.0,262.28245011187516,-919.1435629580471,67.4,27.171559735710275,Adequate,8.0,2025-05-15,0,5,0,0
A100261,Sierra,Transmission,Service Line/Riser,Steel,None/Unknown,N/A,4.0,N,1.0,290.62657492473755,-947.3650706427919,60.0,20.976092213383406,Unknown,6.0,2025-05-15,0,1,0,0
A100263,North Bay,Distribution,Regulator Station,Steel,None/Unknown,SAW,2.0,N,1.0,104.93353486174112,-828.4257138015361,7.3,11.540207970079946,Underprotected,8.0,2025-05-15,0,3,0,0
A100266,San Francisco,Distribution,Regulator Station,PE,None/Unknown,Seamless,2.0,N,5.0,84.67485871922972,-716.3967061641458,21.2,12.923188877183259,Underprotected,10.0,2025-05-15,0,3,0,0
A100267,East Bay,Distribution,Regulator Station,PE,Asphalt Enamel,ERW,2.0,N,4.0,116.93205506676055,-940.0014077604652,34.8,23.762369241631085,Overprotected,7.0,2025-05-15,1,4,0,0
A100270,North Bay,Distribution,Launcher/Receiver,Steel,None/Unknown,Seamless,4.0,N,4.0,60.0,-871.4385946815474,54.4,14.208509934674874,Underprotected,10.0,2025-05-15,0,5,0,0
A100271,San Francisco,Distribution,Service Line/Riser,Steel,FBE,N/A,2.0,Y,1.0,118.84288797999892,-839.1298467061207,6.7,17.699164169026357,Adequate,5.0,2025-05-15,0,2,0,0
A100272,North Bay,Distribution,Regulator Station,PE,FBE,ERW,3.0,N,2.0,60.0,-849.5413517851166,42.4,9.432408159148336,Adequate,5.0,2025-05-15,0,3,0,0
A100273,Central Coast,Transmission,CP Rectifier,PE,Asphalt Enamel,SAW,1.0,Y,2.0,205.22589536132875,-866.7766416140759,5.7,23.458122051081908,Adequate,5.0,2025-05-15,0,2,0,0
A100275,Sierra,Transmission,Gas Distribution Main,Steel,None/Unknown,ERW,1.0,N,5.0,183.97314605171496,-815.8607544263243,42.4,14.576278541407996,Adequate,10.0,2025-05-15,0,4,0,0
A100278,San Francisco,Transmission,Service Line/Riser,PE,Asphalt Enamel,Seamless,1.0,N,2.0,232.25690002845724,-949.6816263958971,61.2,34.24381927628491,Underprotected,7.0,2025-05-15,0,3,0,0
A100280,Sierra,Distribution,Pipeline Casing,PE,N/A,SAW,2.0,N,5.0,111.66959618220169,-816.8044726000755,25.8,7.24495008611334,Underprotected,10.0,2025-05-15,0,5,0,0
A100284,Central Coast,Transmission,Launcher/Receiver,Steel,None/Unknown,N/A,1.0,Y,3.0,295.2531941140215,-837.6003622380663,53.9,23.6501618736039,Unknown,10.0,2025-05-15,1,6,0,0
A100286,East Bay,Transmission,Pipeline Casing,PE,FBE,SAW,2.0,N,5.0,273.17816325494266,-978.5581173852668,63.0,20.844340832965205,Adequate,7.0,2025-05-15,0,5,0,0
A100287,Sierra,Distribution,Gas Distribution Main,PE,Asphalt Enamel,Seamless,2.0,N,2.0,96.91190675021372,-946.5968540289276,12.2,7.927627527183871,Adequate,4.0,2025-05-15,0,0,0,0
A100288,South Bay,Transmission,Test Station,Steel,Tape Wrap,SAW,1.0,N,2.0,257.93024884273797,-788.5890752983121,12.5,22.12864630015542,Overprotected,7.0,2025-05-15,0,4,1,0
A100290,North Bay,Transmission,Test Station,Steel,Coal Tar,N/A,2.0,N,3.0,190.9829753813829,-924.627866269201,22.8,21.07769681500988,Unknown,7.0,2025-05-15,0,4,0,0
A100291,North Bay,Distribution,CP Rectifier,Steel,FBE,SAW,1.0,Y,1.0,60.0,-860.39139400205,46.3,28.554051689014816,Adequate,4.0,2025-05-15,0,2,1,0
A100292,North Bay,Distribution,Regulator Station,Steel,FBE,N/A,4.0,N,5.0,60.0,-799.4134385314212,56.6,8.588845550121455,Adequate,9.0,2025-05-15,0,3,0,0
A100294,South Bay,Distribution,Launcher/Receiver,Steel,N/A,Seamless,1.0,N,4.0,60.0,-757.5508290864227,25.0,11.36473582460864,Underprotected,10.0,2025-05-15,0,6,0,1
A100295,Sierra,Distribution,Pipeline Casing,Steel,N/A,N/A,2.0,N,5.0,60.0,-856.1424670224565,11.5,12.752935109710137,Adequate,7.0,2025-05-15,0,1,0,0
A100296,East Bay,Transmission,Valve Station,PE,N/A,SAW,3.0,N,2.0,278.7174673508422,-894.1671084736456,67.8,28.734472625916318,Adequate,5.0,2025-05-15,0,3,1,0
A100300,Central Coast,Distribution,Gas Distribution Main,Steel,N/A,N/A,1.0,N,2.0,125.38665511935537,-927.227588932234,26.0,16.64904983161485,Underprotected,8.0,2025-05-15,0,3,0,0
A100303,South Bay,Distribution,CP Rectifier,Steel,N/A,Seamless,1.0,Y,2.0,156.9725566213342,-827.7953466751804,57.5,5.614569102293274,Adequate,9.0,2025-05-15,0,4,0,1
A100307,San Francisco,Transmission,Service Line/Riser,PE,None/Unknown,SAW,2.0,Y,3.0,237.10581768117152,-901.4872808335518,24.2,12.643594196674753,Adequate,8.0,2025-05-15,1,6,0,0
A100308,Sierra,Distribution,Test Station,Wrought Iron,Coal Tar,N/A,2.0,Y,4.0,66.95082099779216,-829.7442234869832,67.7,9.068799318108434,Adequate,10.0,2025-05-15,0,5,0,0
A100310,South Bay,Distribution,Launcher/Receiver,Steel,None/Unknown,N/A,1.0,N,2.0,67.80087129017748,-817.9550502379423,23.0,9.021634648013091,Adequate,7.0,2025-05-15,0,4,0,0
A100311,San Francisco,Transmission,CP Rectifier,Steel,None/Unknown,Seamless,1.0,Y,4.0,210.8107992740609,-941.8073283269496,64.6,23.762054806782015,Overprotected,10.0,2025-05-15,0,5,0,1
A100312,North Bay,Distribution,Pipeline Casing,Steel,Coal Tar,ERW,3.0,Y,3.0,109.96106471564264,-827.6445115378154,13.0,11.57899854664413,Adequate,9.0,2025-05-15,0,4,0,0
A100313,East Bay,Transmission,Test Station,Steel,Tape Wrap,SAW,1.0,N,3.0,249.62528960381806,-921.4665437082135,67.0,21.125232754593746,Overprotected,8.0,2025-05-15,0,1,0,0
A100314,South Bay,Transmission,Service Line/Riser,Wrought Iron,Coal Tar,Seamless,1.0,Y,2.0,234.03996066556593,-778.6359814316979,19.1,31.16765258971413,Adequate,8.0,2025-05-15,0,3,0,0
A100315,San Francisco,Transmission,Launcher/Receiver,Steel,Coal Tar,Seamless,2.0,N,3.0,302.6469352122211,-845.2454728743821,56.3,28.279203673648635,Adequate,9.0,2025-05-15,0,3,0,0
A100316,North Bay,Transmission,CP Rectifier,Steel,N/A,Seamless,3.0,N,5.0,173.50297087716586,-832.7171224989809,56.7,26.048546957851983,Adequate,10.0,2025-05-15,0,3,0,0
A100322,South Bay,Distribution,Valve Station,PE,Asphalt Enamel,N/A,2.0,N,1.0,106.94067860353017,-866.6425955489764,35.8,13.497163653827805,Overprotected,4.0,2025-05-15,0,1,0,0
A100325,Central Coast,Distribution,Valve Station,Steel,Asphalt Enamel,Seamless,4.0,N,2.0,103.00026808039638,-900.4598031161563,64.0,10.275872673103235,Underprotected,9.0,2025-05-15,0,5,1,0
A100326,South Bay,Distribution,Regulator Station,Steel,None/Unknown,SAW,4.0,Y,3.0,106.92233514703652,-882.6874850498168,41.4,15.282053642801985,Adequate,8.0,2025-05-15,0,4,0,0
A100327,North Bay,Transmission,Gas Transmission Pipeline,PE,Coal Tar,Seamless,1.0,N,1.0,200.16785785101018,-783.3144126417773,9.4,20.212484476610918,Overprotected,6.0,2025-05-15,0,2,0,0
A100328,North Bay,Transmission,Gas Transmission Pipeline,Steel,Coal Tar,Seamless,1.0,N,1.0,254.55076711474362,-844.9079616593145,39.8,15.466463125365287,Unknown,8.0,2025-05-15,1,5,0,0
A100329,Central Coast,Distribution,Test Station,Steel,Tape Wrap,Seamless,3.0,N,4.0,87.61851666511568,-894.9617765744104,36.5,8.728611429443648,Underprotected,10.0,2025-05-15,0,6,0,0
A100331,East Bay,Transmission,Anode Bed,Steel,FBE,ERW,2.0,N,3.0,241.3098067172101,-884.6328598895064,18.0,20.783133702395673,Overprotected,5.0,2025-05-15,0,2,0,0
A100332,North Bay,Distribution,Valve Station,Steel,None/Unknown,SAW,1.0,N,5.0,60.0,-839.7493484639588,40.0,12.253862511088707,Unknown,10.0,2025-05-15,0,5,0,0
A100333,San Francisco,Distribution,Anode Bed,Steel,Asphalt Enamel,SAW,2.0,N,3.0,60.0,-922.1101797705445,11.9,3.7100248759450363,Adequate,6.0,2025-05-15,0,1,0,0
A100336,South Bay,Transmission,Anode Bed,Steel,Coal Tar,ERW,2.0,N,5.0,286.01447170574494,-859.1252026587587,23.2,23.520164972570218,Adequate,8.0,2025-05-15,0,4,0,0
A100337,North Bay,Transmission,Pipeline Casing,Steel,Asphalt Enamel,Seamless,1.0,N,4.0,251.57611879302226,-883.3787130652515,27.4,28.740707292067565,Underprotected,9.0,2025-05-15,0,4,1,0
A100338,San Francisco,Transmission,Service Line/Riser,Steel,Asphalt Enamel,ERW,2.0,Y,2.0,264.2337709092574,-976.5557876628071,11.3,23.357906521306866,Adequate,6.0,2025-05-15,0,2,0,0
A100339,North Bay,Transmission,Service Line/Riser,Steel,N/A,Seamless,1.0,N,3.0,268.8191520593036,-829.5421648185556,56.8,17.789949063772966,Underprotected,10.0,2025-05-15,0,4,0,0
A100340,North Bay,Transmission,Service Line/Riser,Steel,Coal Tar,N/A,1.0,N,5.0,214.47090467671097,-944.9166504272334,15.4,28.499503473076043,Overprotected,9.0,2025-05-15,0,4,0,0
A100342,East Bay,Transmission,Gas Transmission Pipeline,Steel,FBE,SAW,2.0,N,5.0,259.20428717369043,-921.1272826913179,21.1,30.83188971932024,Adequate,8.0,2025-05-15,0,4,0,0
A100343,Sierra,Distribution,Launcher/Receiver,PE,Tape Wrap,N/A,1.0,N,3.0,64.94990770782414,-926.494243944887,49.1,9.227822610136585,Unknown,7.0,2025-05-15,1,3,0,1
A100344,San Francisco,Distribution,Service Line/Riser,PE,Asphalt Enamel,Seamless,4.0,Y,1.0,85.04264486398193,-883.3612509118709,31.0,12.34519993199595,Adequate,5.0,2025-05-15,0,2,0,0
A100346,South Bay,Distribution,Gas Transmission Pipeline,Steel,Coal Tar,N/A,2.0,N,3.0,185.64190918366037,-869.7358486996616,62.2,5.848211643690295,Overprotected,8.0,2025-05-15,0,4,0,0
A100347,San Francisco,Transmission,Anode Bed,Steel,None/Unknown,Seamless,2.0,Y,2.0,244.42924309277632,-882.6366501460241,34.4,27.617508818112707,Adequate,7.0,2025-05-15,0,3,0,0
A100349,Sierra,Transmission,Valve Station,Steel,Tape Wrap,ERW,1.0,N,2.0,291.2574563999286,-887.6512802513565,59.0,27.451363088596175,Adequate,6.0,2025-05-15,0,4,0,0
A100350,San Francisco,Distribution,CP Rectifier,Cast Iron,Asphalt Enamel,Seamless,2.0,N,5.0,104.67486206139186,-891.71681630061,67.6,4.242186770505981,Adequate,10.0,2025-05-15,0,6,0,0
A100351,San Francisco,Distribution,Test Station,Steel,Coal Tar,SAW,2.0,N,4.0,148.05959276463176,-1041.7101015779567,64.6,21.37968726019931,Underprotected,10.0,2025-05-15,0,4,0,1
A100353,North Bay,Transmission,Valve Station,Steel,Asphalt Enamel,N/A,3.0,N,5.0,249.08980079077406,-863.1492400223843,39.6,20.859630862813894,Adequate,9.0,2025-05-15,0,3,0,0
A100356,South Bay,Distribution,Test Station,Steel,Coal Tar,ERW,4.0,N,4.0,157.34170091646192,-867.1835842023487,56.9,5.160457689001791,Underprotected,10.0,2025-05-15,1,6,0,0
A100357,East Bay,Distribution,CP Rectifier,PE,Tape Wrap,N/A,2.0,N,3.0,209.06403903306708,-819.190328532233,16.0,10.71103041041614,Adequate,7.0,2025-05-15,0,3,0,0
A100359,Sierra,Transmission,Launcher/Receiver,Steel,FBE,ERW,4.0,N,5.0,265.1593941923058,-848.9466384608793,17.1,35.367243937342195,Unknown,9.0,2025-05-15,0,3,0,0
A100360,Central Coast,Transmission,Pipeline Casing,PE,Tape Wrap,Seamless,1.0,N,1.0,267.8126393956546,-890.61212155054,50.4,21.591324807353775,Adequate,5.0,2025-05-15,0,2,0,0
A100363,Sierra,Transmission,Test Station,Steel,FBE,ERW,3.0,N,1.0,274.2102218428605,-905.1633165510377,47.0,29.81419884615366,Adequate,3.0,2025-05-15,0,2,0,0
A100365,East Bay,Distribution,CP Rectifier,PE,Asphalt Enamel,N/A,2.0,N,4.0,99.45825420966577,-899.5845383942633,24.3,21.41994633749858,Adequate,6.0,2025-05-15,0,2,0,0
A100366,East Bay,Transmission,CP Rectifier,Steel,Tape Wrap,ERW,4.0,N,5.0,199.06525830506223,-852.8820094108506,48.1,22.09753117049444,Unknown,10.0,2025-05-15,0,4,0,0
A100370,North Bay,Transmission,Launcher/Receiver,Steel,FBE,Seamless,2.0,Y,4.0,283.02348467694844,-856.3248793199646,6.3,28.369018881430314,Unknown,7.0,2025-05-15,0,4,0,0
A100372,San Francisco,Distribution,Service Line/Riser,Steel,Tape Wrap,N/A,2.0,N,5.0,82.79737064719326,-948.9898311567896,58.8,19.209511666251203,Adequate,9.0,2025-05-15,0,3,0,0
A100374,South Bay,Distribution,CP Rectifier,Steel,FBE,Seamless,1.0,Y,1.0,111.10810098806576,-912.5905080045218,6.5,13.407888562721029,Adequate,4.0,2025-05-15,0,1,0,0
A100375,South Bay,Transmission,Pipeline Casing,Steel,N/A,SAW,1.0,N,5.0,269.57504931195444,-951.7974832388691,39.2,22.86630585548912,Adequate,8.0,2025-05-15,0,3,0,0
A100377,Sierra,Transmission,Gas Distribution Main,Steel,Coal Tar,Seamless,1.0,N,1.0,221.78752807932574,-839.0227011104047,33.8,16.77625086568601,Underprotected,8.0,2025-05-15,0,4,1,0
A100378,South Bay,Distribution,Launcher/Receiver,Cast Iron,None/Unknown,N/A,2.0,N,4.0,121.81515914360588,-856.3699726218165,28.4,7.262914445845289,Overprotected,9.0,2025-05-15,0,2,1,0
A100380,East Bay,Distribution,Launcher/Receiver,Cast Iron,Asphalt Enamel,N/A,3.0,N,3.0,112.23386944537802,-830.7438461960479,39.9,9.28695519233133,Underprotected,10.0,2025-05-15,0,3,0,1
A100381,Central Coast,Transmission,Regulator Station,Steel,Tape Wrap,N/A,1.0,N,4.0,148.92019245745178,-724.9209565604713,67.7,35.518594872497076,Adequate,10.0,2025-05-15,0,4,0,0
A100382,Central Coast,Transmission,Anode Bed,Cast Iron,Tape Wrap,Seamless,4.0,N,4.0,277.49759702721855,-912.7886478297733,7.8,19.664419479203534,Adequate,9.0,2025-05-15,0,3,0,0
A100384,East Bay,Distribution,Pipeline Casing,Steel,Coal Tar,SAW,1.0,Y,4.0,64.90718136768426,-876.0463252551493,50.9,10.982109469886597,Unknown,10.0,2025-05-15,0,4,0,0
A100386,Sierra,Distribution,Regulator Station,Steel,N/A,ERW,3.0,N,2.0,60.0,-814.2542996840874,8.7,4.627434016668607,Unknown,6.0,2025-05-15,0,5,0,1
A100389,East Bay,Transmission,Regulator Station,Steel,Coal Tar,N/A,1.0,N,3.0,306.0954376769358,-953.3312943839513,40.7,30.171818397352567,Underprotected,9.0,2025-05-15,1,5,1,1
A100392,Central Coast,Distribution,Launcher/Receiver,Steel,Coal Tar,Seamless,1.0,N,4.0,60.0,-915.2370079050297,54.4,19.384371595357152,Adequate,8.0,2025-05-15,1,5,0,0
A100393,South Bay,Transmission,Gas Transmission Pipeline,PE,Asphalt Enamel,N/A,1.0,N,2.0,331.46342643575986,-862.2191563960689,56.9,11.582518573931111,Adequate,5.0,2025-05-15,0,2,0,0
A100396,South Bay,Distribution,Test Station,Steel,None/Unknown,SAW,3.0,N,1.0,63.98911482210845,-744.6451023840536,37.8,17.819984694993728,Underprotected,9.0,2025-05-15,0,5,0,0
A100401,South Bay,Transmission,Anode Bed,Steel,Coal Tar,ERW,2.0,N,2.0,242.09393633626703,-907.6965519265798,11.0,28.303801310858553,Unknown,6.0,2025-05-15,0,3,0,0
A100402,Central Coast,Transmission,Launcher/Receiver,Steel,Tape Wrap,N/A,2.0,N,4.0,212.87713895247242,-808.6987150385075,29.6,23.80742932674633,Adequate,9.0,2025-05-15,0,3,0,0
A100403,East Bay,Transmission,Test Station,Steel,Tape Wrap,Seamless,2.0,N,4.0,212.75182355316923,-796.7079669959853,30.3,40.94462605794017,Unknown,10.0,2025-05-15,0,3,0,0
A100404,Sierra,Distribution,Valve Station,PE,Asphalt Enamel,N/A,2.0,N,2.0,84.96402129389791,-973.2253981890769,24.4,13.644200434061624,Unknown,5.0,2025-05-15,0,1,0,0
A100406,East Bay,Distribution,Gas Transmission Pipeline,Steel,Coal Tar,N/A,2.0,N,1.0,101.07072457568506,-1002.4739527000023,31.0,9.606550009138108,Adequate,5.0,2025-05-15,0,2,0,0
A100411,South Bay,Distribution,Gas Distribution Main,PE,None/Unknown,Seamless,4.0,Y,1.0,124.2690029834479,-803.3104791136676,11.9,14.88196536534054,Overprotected,7.0,2025-05-15,1,2,0,0
A100412,Central Coast,Distribution,Service Line/Riser,Steel,Asphalt Enamel,N/A,1.0,N,2.0,196.9204443455845,-869.2411677025251,46.7,17.081169286657257,Adequate,5.0,2025-05-15,0,3,0,0
A100414,East Bay,Transmission,Gas Distribution Main,Steel,Asphalt Enamel,N/A,1.0,N,1.0,274.29809157330084,-970.1695684782084,35.4,26.76467842459286,Adequate,4.0,2025-05-15,0,1,0,0
A100417,Sierra,Distribution,Valve Station,PE,Tape Wrap,SAW,1.0,N,2.0,117.94381914063877,-881.826254697457,51.3,2.7521585888117084,Underprotected,8.0,2025-05-15,0,3,0,0
A100419,Sierra,Transmission,Test Station,Steel,FBE,SAW,1.0,N,1.0,281.260241159713,-830.2623658836706,37.9,32.57282577061342,Unknown,5.0,2025-05-15,1,3,0,0
A100424,Sierra,Transmission,Gas Transmission Pipeline,PE,None/Unknown,N/A,3.0,N,4.0,327.8018069085422,-860.3527862605674,22.8,27.738650329889005,Adequate,7.0,2025-05-15,0,4,0,0
A100425,East Bay,Distribution,Launcher/Receiver,Steel,Asphalt Enamel,Seamless,2.0,N,3.0,60.0,-858.6111091785405,49.2,25.893858671947196,Adequate,6.0,2025-05-15,0,2,0,0
A100430,South Bay,Transmission,Test Station,PE,Tape Wrap,ERW,2.0,N,2.0,321.9351687987968,-903.00325199013,15.4,30.242981117485684,Adequate,6.0,2025-05-15,1,3,0,0
A100432,South Bay,Transmission,Launcher/Receiver,Steel,Asphalt Enamel,SAW,2.0,N,4.0,267.02062371978803,-910.3118590302292,58.5,33.10750220657107,Unknown,8.0,2025-05-15,0,2,0,0
A100433,South Bay,Transmission,Service Line/Riser,Steel,N/A,N/A,2.0,N,3.0,197.095377133497,-913.9115169144588,19.5,33.29397692201407,Adequate,5.0,2025-05-15,0,2,0,0
A100437,North Bay,Distribution,CP Rectifier,Steel,N/A,N/A,3.0,N,4.0,65.1528286819092,-845.5176820739536,10.8,20.75375219928116,Adequate,8.0,2025-05-15,0,3,0,0
A100438,Sierra,Distribution,Launcher/Receiver,Steel,Coal Tar,N/A,1.0,N,3.0,160.23780188613495,-853.5642187105003,22.9,2.0,Adequate,6.0,2025-05-15,0,5,0,0
A100441,Sierra,Distribution,Launcher/Receiver,Steel,FBE,ERW,2.0,N,4.0,137.85248281526185,-780.7038061061223,28.1,3.4155977239941073,Unknown,8.0,2025-05-15,1,5,0,0
A100442,Central Coast,Distribution,Pipeline Casing,Steel,Tape Wrap,ERW,1.0,N,5.0,188.87316027104583,-1004.5237894468676,26.5,16.387913294152142,Underprotected,10.0,2025-05-15,0,4,0,0
A100444,Central Coast,Transmission,Launcher/Receiver,Cast Iron,Tape Wrap,N/A,3.0,N,2.0,253.5612460433027,-1002.4921931431277,16.8,22.88722469933997,Adequate,6.0,2025-05-15,0,0,0,0
A100448,San Francisco,Transmission,Test Station,Steel,N/A,N/A,2.0,N,1.0,213.01846510564835,-858.5823541600827,67.5,19.046118439793307,Overprotected,5.0,2025-05-15,0,1,0,0
A100449,East Bay,Transmission,Launcher/Receiver,PE,Coal Tar,SAW,1.0,N,2.0,251.7710160666077,-929.1514820974967,52.8,24.027233676120737,Adequate,6.0,2025-05-15,0,4,1,0
A100451,San Francisco,Transmission,Launcher/Receiver,Steel,Asphalt Enamel,Seamless,1.0,N,2.0,275.37680560339055,-843.413269970479,68.9,24.70979157980928,Adequate,7.0,2025-05-15,1,2,0,0
A100452,Sierra,Distribution,Valve Station,Steel,Coal Tar,Seamless,2.0,N,1.0,84.30482312826092,-926.8792435596959,43.1,5.799704426699538,Adequate,5.0,2025-05-15,0,3,0,0
A100453,North Bay,Transmission,Anode Bed,Steel,Asphalt Enamel,SAW,3.0,N,4.0,243.17822696942417,-832.9287328904284,10.9,26.308076566444498,Adequate,8.0,2025-05-15,0,3,0,0
A100455,Sierra,Distribution,Launcher/Receiver,Steel,FBE,ERW,2.0,N,2.0,113.22016405504719,-935.5547930420225,21.1,13.029768466539693,Adequate,4.0,2025-05-15,0,2,0,0
A100456,Central Coast,Transmission,Launcher/Receiver,Steel,Asphalt Enamel,N/A,1.0,N,4.0,176.74967131998702,-873.4937585860932,8.8,25.779747301101963,Adequate,8.0,2025-05-15,0,4,0,0
A100457,East Bay,Distribution,CP Rectifier,Steel,N/A,SAW,3.0,Y,5.0,174.5347120145425,-877.6799931904927,16.2,2.0,Overprotected,9.0,2025-05-15,0,5,0,0
A100458,East Bay,Distribution,Gas Distribution Main,Steel,Coal Tar,Seamless,1.0,N,5.0,60.0,-942.6112478651642,56.6,11.592895066646673,Unknown,10.0,2025-05-15,1,3,0,0
A100459,North Bay,Transmission,Service Line/Riser,PE,Tape Wrap,Seamless,3.0,Y,2.0,294.77767030935325,-909.8036584956028,40.4,30.760001933201153,Underprotected,8.0,2025-05-15,0,4,1,0
A100460,East Bay,Transmission,Gas Distribution Main,Steel,FBE,SAW,1.0,N,2.0,264.92288401734504,-834.4990934540392,54.4,25.99949042399051,Adequate,6.0,2025-05-15,0,4,0,0
A100461,Sierra,Distribution,Launcher/Receiver,Steel,N/A,ERW,1.0,N,2.0,103.16766677283137,-835.4790535620987,13.2,14.786023953678345,Adequate,6.0,2025-05-15,0,4,0,0
A100462,Central Coast,Transmission,Gas Transmission Pipeline,Steel,None/Unknown,N/A,1.0,N,2.0,263.0950751382095,-855.1629536537379,34.2,25.809020182931693,Unknown,7.0,2025-05-15,0,4,0,0
A100463,Sierra,Distribution,Valve Station,Steel,N/A,ERW,1.0,Y,4.0,148.32382134119467,-949.5975402705606,44.0,13.232730000293696,Adequate,8.0,2025-05-15,0,2,0,0
A100464,South Bay,Transmission,CP Rectifier,Steel,Asphalt Enamel,N/A,2.0,N,2.0,180.03397006890614,-921.5985100536793,55.3,27.20987263731504,Overprotected,6.0,2025-05-15,0,1,0,0
A100466,San Francisco,Distribution,Pipeline Casing,Steel,None/Unknown,SAW,2.0,Y,1.0,171.37211962558945,-883.8345577888877,44.3,21.96778978683877,Adequate,6.0,2025-05-15,1,4,1,0
A100467,San Francisco,Transmission,Pipeline Casing,Steel,FBE,ERW,1.0,N,1.0,332.4339470090094,-830.2915823630022,28.9,26.162320090907212,Underprotected,7.0,2025-05-15,0,2,0,1
A100468,Central Coast,Distribution,Gas Transmission Pipeline,Cast Iron,N/A,ERW,1.0,N,2.0,153.79025392186264,-858.5192720441643,45.1,13.734978193492955,Adequate,5.0,2025-05-15,0,2,0,0
A100469,South Bay,Distribution,Regulator Station,PE,Tape Wrap,SAW,1.0,Y,1.0,107.37345003611026,-965.2650437067284,45.9,17.628156736265286,Adequate,5.0,2025-05-15,0,3,0,0
A100470,Sierra,Transmission,Pipeline Casing,PE,Coal Tar,Seamless,2.0,N,3.0,195.4273403400756,-907.9825961883759,67.7,24.512751796879265,Adequate,7.0,2025-05-15,0,3,0,0
A100471,East Bay,Distribution,Service Line/Riser,Steel,FBE,ERW,1.0,N,5.0,68.11391270584696,-862.6460701156252,57.7,2.0,Underprotected,10.0,2025-05-15,1,6,0,0
A100473,North Bay,Transmission,Anode Bed,Steel,Coal Tar,SAW,3.0,N,4.0,242.77554101112798,-909.6354270206932,50.5,15.237968842947138,Adequate,8.0,2025-05-15,0,3,1,0
A100475,East Bay,Transmission,Service Line/Riser,PE,Tape Wrap,ERW,2.0,N,5.0,238.80161504151263,-857.4346170362768,44.7,19.87992365164128,Overprotected,9.0,2025-05-15,0,3,0,1
A100476,Central Coast,Transmission,Gas Transmission Pipeline,Steel,Tape Wrap,SAW,1.0,N,4.0,282.0478709730485,-825.731435566006,28.3,23.0540872654281,Underprotected,10.0,2025-05-15,0,1,0,0
A100477,East Bay,Transmission,Regulator Station,Steel,FBE,SAW,2.0,N,2.0,291.51357620143756,-838.2964168305182,28.3,27.321817803539286,Underprotected,8.0,2025-05-15,0,1,0,1
A100478,East Bay,Transmission,Test Station,Steel,N/A,ERW,1.0,N,5.0,203.17458680370925,-965.2674787709789,8.1,17.078936912282437,Overprotected,8.0,2025-05-15,0,3,0,0
A100480,North Bay,Transmission,CP Rectifier,Steel,N/A,Seamless,3.0,N,2.0,276.40927814731305,-795.3008712464587,25.6,19.546004508332018,Unknown,7.0,2025-05-15,1,3,0,0
A100482,South Bay,Transmission,Regulator Station,Steel,Coal Tar,ERW,1.0,N,1.0,307.0846154213907,-850.8627419326032,23.4,8.077794208159201,Adequate,4.0,2025-05-15,0,2,0,0
A100487,San Francisco,Transmission,Valve Station,Steel,Asphalt Enamel,Seamless,2.0,N,5.0,247.0025569956469,-906.3296607484262,50.7,19.051365755565147,Adequate,9.0,2025-05-15,0,1,0,0
A100495,North Bay,Distribution,CP Rectifier,Steel,Tape Wrap,Seamless,3.0,N,4.0,118.0646507448319,-876.6098300046632,46.6,3.326622549848455,Adequate,8.0,2025-05-15,0,5,1,0
A100499,East Bay,Distribution,Launcher/Receiver,PE,N/A,N/A,2.0,N,2.0,91.94987935447206,-883.7763638533146,7.3,17.49461286200886,Unknown,5.0,2025-05-15,0,3,0,0
A100500,East Bay,Distribution,CP Rectifier,PE,Tape Wrap,ERW,1.0,Y,4.0,98.97326644636871,-862.9152583405363,28.0,2.952103128869986,Adequate,8.0,2025-05-15,0,1,0,0
A100501,Central Coast,Transmission,Anode Bed,PE,Tape Wrap,N/A,2.0,N,1.0,234.25723568941044,-849.386724130331,39.2,25.521463303220482,Adequate,7.0,2025-05-15,0,3,0,1
A100502,San Francisco,Distribution,Valve Station,Cast Iron,None/Unknown,SAW,2.0,Y,5.0,141.961337188774,-933.3770448981244,67.1,7.130009002599761,Unknown,10.0,2025-05-15,0,3,0,0
A100504,Sierra,Distribution,Pipeline Casing,PE,Tape Wrap,Seamless,2.0,N,3.0,68.51443561754002,-857.5969415679267,28.2,4.1533406744815204,Unknown,7.0,2025-05-15,0,5,0,1
A100505,East Bay,Transmission,Regulator Station,Steel,None/Unknown,SAW,1.0,N,4.0,243.01378041370504,-794.4316058116025,32.4,31.080776176367365,Underprotected,10.0,2025-05-15,0,3,0,0
A100506,San Francisco,Transmission,Anode Bed,Steel,Asphalt Enamel,SAW,4.0,N,1.0,269.73403251661364,-818.5918696039907,64.6,31.982246727065494,Underprotected,8.0,2025-05-15,1,5,1,0
A100509,North Bay,Distribution,Valve Station,Steel,Tape Wrap,SAW,2.0,Y,3.0,113.32496970397816,-834.9315589324428,33.5,15.654162003643783,Unknown,10.0,2025-05-15,0,3,0,0
A100511,North Bay,Distribution,Pipeline Casing,Steel,N/A,SAW,3.0,N,4.0,120.74443797779966,-873.8720547633792,65.1,16.431304395656397,Underprotected,9.0,2025-05-15,0,4,0,0
A100512,North Bay,Transmission,Pipeline Casing,Steel,Tape Wrap,SAW,1.0,Y,3.0,269.99572282530465,-931.7024060356421,49.1,32.526355701552404,Adequate,8.0,2025-05-15,0,3,0,0
A100513,Central Coast,Transmission,Service Line/Riser,Steel,None/Unknown,ERW,1.0,Y,3.0,259.94537721991907,-906.7137021127203,46.0,20.674800790462836,Adequate,8.0,2025-05-15,0,3,0,0
A100516,East Bay,Transmission,Regulator Station,Steel,Coal Tar,ERW,2.0,N,2.0,264.42184265274034,-889.3065806533901,20.3,27.252436462716773,Underprotected,7.0,2025-05-15,1,6,0,0
A100517,East Bay,Distribution,Regulator Station,PE,Tape Wrap,Seamless,4.0,Y,1.0,131.16928210541977,-821.9134941879071,27.6,19.386261999144352,Overprotected,8.0,2025-05-15,0,5,0,0
A100518,East Bay,Distribution,Regulator Station,Cast Iron,Asphalt Enamel,Seamless,2.0,N,3.0,79.87170047321175,-961.9395750943313,50.1,9.588196490107043,Adequate,7.0,2025-05-15,0,1,0,0
A100519,San Francisco,Transmission,Gas Distribution Main,Steel,Tape Wrap,N/A,1.0,N,1.0,249.3991126849735,-917.9290719096215,59.6,28.991590890345986,Adequate,5.0,2025-05-15,0,3,0,0
A100520,Sierra,Distribution,CP Rectifier,Steel,Coal Tar,SAW,1.0,N,3.0,115.15367699812771,-909.5007706589753,69.5,19.312617222908386,Adequate,7.0,2025-05-15,0,5,0,0
A100521,South Bay,Distribution,Service Line/Riser,PE,Asphalt Enamel,SAW,1.0,N,4.0,60.0,-881.6721826591631,25.2,5.115423166099937,Adequate,8.0,2025-05-15,0,4,0,0
A100522,South Bay,Distribution,CP Rectifier,Steel,FBE,Seamless,1.0,N,1.0,60.0,-826.3136342649459,54.0,7.994849027051077,Adequate,6.0,2025-05-15,0,1,0,0
A100523,North Bay,Distribution,Anode Bed,Steel,N/A,Seamless,2.0,N,5.0,60.0,-832.5754222318947,42.0,15.82148552176525,Adequate,9.0,2025-05-15,0,4,0,0
A100524,East Bay,Distribution,Test Station,Steel,N/A,N/A,1.0,N,1.0,144.79630923297123,-889.2441636887321,67.1,19.09690252790575,Adequate,4.0,2025-05-15,0,3,0,0
A100525,North Bay,Transmission,Gas Distribution Main,PE,None/Unknown,ERW,2.0,N,3.0,239.87080262870145,-934.5955745433586,16.3,25.09751787690833,Adequate,6.0,2025-05-15,0,3,0,0
A100530,San Francisco,Distribution,Test Station,Steel,Asphalt Enamel,SAW,1.0,N,2.0,60.0,-839.0614152489943,30.0,16.28804960924372,Adequate,7.0,2025-05-15,0,3,0,0
A100532,South Bay,Distribution,Service Line/Riser,PE,Asphalt Enamel,ERW,3.0,N,4.0,88.91484174530413,-881.8337363482312,56.9,11.182285488034905,Adequate,7.0,2025-05-15,0,4,0,0
A100535,North Bay,Transmission,Test Station,PE,N/A,ERW,2.0,Y,1.0,245.63511771221164,-911.8763738915827,46.5,27.24284540097873,Adequate,4.0,2025-05-15,0,1,0,0
A100540,East Bay,Distribution,Gas Transmission Pipeline,Steel,Coal Tar,Seamless,1.0,N,4.0,60.0,-816.2976381328415,31.2,6.673760107971509,Adequate,9.0,2025-05-15,0,4,0,1
A100541,South Bay,Transmission,Pipeline Casing,Steel,Asphalt Enamel,SAW,2.0,N,4.0,294.90063218179347,-1014.9659158913023,9.4,35.749187548695375,Underprotected,10.0,2025-05-15,0,2,0,0
A100542,North Bay,Transmission,Regulator Station,Steel,FBE,Seamless,2.0,N,4.0,377.0927479051534,-867.7841969559373,47.5,20.016420113389266,Adequate,6.0,2025-05-15,1,4,0,0
A100543,South Bay,Distribution,Gas Transmission Pipeline,Steel,Asphalt Enamel,ERW,2.0,Y,1.0,102.31217783687656,-940.3583966260001,48.9,16.131705631354357,Adequate,6.0,2025-05-15,0,2,0,0
A100544,Sierra,Transmission,Regulator Station,Steel,Coal Tar,Seamless,1.0,N,5.0,265.6325266126936,-804.3232135322999,5.7,19.77318954527535,Unknown,10.0,2025-05-15,0,7,0,0
A100546,San Francisco,Transmission,Gas Distribution Main,N/A,N/A,Seamless,2.0,N,1.0,239.12730851356176,-865.2596566606953,69.2,19.273473064502824,Underprotected,6.0,2025-05-15,0,2,0,0
A100547,East Bay,Distribution,Anode Bed,Steel,Asphalt Enamel,Seamless,2.0,N,5.0,105.50921688908369,-845.7690327105661,50.2,11.107214094900309,Underprotected,10.0,2025-05-15,0,4,0,0
A100548,San Francisco,Transmission,CP Rectifier,Steel,N/A,Seamless,1.0,Y,2.0,273.8490893694752,-898.8621862950548,44.3,19.5999129232495,Underprotected,8.0,2025-05-15,1,4,0,0
A100549,South Bay,Transmission,Anode Bed,Steel,Asphalt Enamel,N/A,1.0,Y,1.0,246.77229730105353,-940.258905301185,68.5,17.778330762852626,Unknown,7.0,2025-05-15,0,5,0,0
A100552,San Francisco,Transmission,Gas Transmission Pipeline,Steel,None/Unknown,Seamless,3.0,Y,3.0,216.43372488295856,-948.1005090295739,66.2,16.53648927785362,Adequate,9.0,2025-05-15,1,6,0,1
A100553,Central Coast,Distribution,Valve Station,Steel,Tape Wrap,N/A,1.0,N,1.0,60.0,-865.8893985781899,33.9,13.094236808497518,Adequate,5.0,2025-05-15,0,1,0,0
A100556,South Bay,Transmission,Regulator Station,PE,N/A,Seamless,4.0,Y,5.0,262.4240306270834,-885.3670322372715,62.5,24.567903622709313,Underprotected,10.0,2025-05-15,0,5,1,1
A100561,North Bay,Distribution,Gas Transmission Pipeline,Steel,FBE,N/A,2.0,N,1.0,115.25365306431289,-838.1629182175923,27.4,2.3454644297853218,Adequate,5.0,2025-05-15,0,4,0,0
A100562,South Bay,Transmission,Regulator Station,PE,None/Unknown,Seamless,3.0,N,1.0,285.77718961584276,-754.125255662088,23.5,41.706250046436345,Adequate,7.0,2025-05-15,0,3,0,0
A100567,North Bay,Distribution,Anode Bed,PE,Tape Wrap,ERW,1.0,N,4.0,98.54782502421817,-962.6796505710814,48.3,20.907782527170205,Adequate,7.0,2025-05-15,0,3,0,0
A100568,Central Coast,Transmission,Gas Distribution Main,Steel,FBE,Seamless,1.0,N,3.0,225.09456553694903,-934.0507738765646,26.0,29.789282624728045,Adequate,5.0,2025-05-15,0,2,0,0
A100571,Sierra,Transmission,Gas Transmission Pipeline,Steel,Asphalt Enamel,ERW,3.0,N,3.0,307.202869550629,-921.2954512496385,57.0,18.2595776171068,Adequate,7.0,2025-05-15,0,5,0,0
A100573,North Bay,Distribution,Regulator Station,Steel,Tape Wrap,SAW,2.0,N,2.0,166.0576738375184,-722.1809470163079,32.3,10.209170229140769,Adequate,7.0,2025-05-15,0,1,0,0
A100574,Sierra,Transmission,Test Station,Steel,None/Unknown,SAW,2.0,N,3.0,179.85437901040297,-791.539700655095,28.6,19.323647341453047,Underprotected,10.0,2025-05-15,0,5,1,0
A100575,East Bay,Distribution,Service Line/Riser,Steel,Tape Wrap,SAW,1.0,Y,5.0,193.19451628648443,-885.8465626772521,51.9,2.3119655230766902,Unknown,10.0,2025-05-15,1,7,0,0
A100577,San Francisco,Transmission,Anode Bed,Steel,Asphalt Enamel,ERW,1.0,N,1.0,206.1684279213316,-858.7562737576427,56.2,24.196813036758552,Adequate,6.0,2025-05-15,0,2,0,0
A100578,San Francisco,Distribution,Valve Station,Steel,N/A,Seamless,1.0,N,2.0,96.51299733219324,-819.2999312789924,40.8,6.210342081111658,Adequate,7.0,2025-05-15,0,2,0,0
A100580,Sierra,Transmission,Regulator Station,Steel,None/Unknown,ERW,1.0,Y,3.0,317.35122633352665,-754.02399255712,33.9,25.659649153995005,Underprotected,10.0,2025-05-15,1,4,0,0
A100584,Central Coast,Transmission,Test Station,PE,Tape Wrap,ERW,2.0,Y,5.0,196.53801426033874,-849.7285180572524,18.2,33.124802323962285,Adequate,10.0,2025-05-15,0,5,1,0
A100585,Central Coast,Distribution,Pipeline Casing,Steel,Tape Wrap,ERW,1.0,N,2.0,60.859346564569286,-839.0772574028431,49.7,22.36456880810111,Adequate,7.0,2025-05-15,0,3,0,0
A100588,Sierra,Transmission,Valve Station,Steel,Tape Wrap,SAW,2.0,N,5.0,240.9012051899339,-857.0833112963262,10.4,22.20551065348928,Overprotected,9.0,2025-05-15,1,4,0,0
A100589,San Francisco,Transmission,Regulator Station,Steel,N/A,ERW,3.0,N,2.0,284.06417275425514,-883.539985455693,9.3,19.583615726689352,Unknown,5.0,2025-05-15,0,3,1,0
A100592,North Bay,Distribution,Gas Distribution Main,Steel,Tape Wrap,N/A,1.0,N,5.0,68.88538377649935,-799.7791352455148,63.2,8.220253868721217,Underprotected,10.0,2025-05-15,1,5,0,0
A100594,North Bay,Transmission,CP Rectifier,Steel,FBE,N/A,3.0,N,2.0,247.52677884907766,-853.8109131239908,38.1,21.776762819872225,Unknown,6.0,2025-05-15,0,1,0,0
A100595,San Francisco,Distribution,Gas Transmission Pipeline,Steel,None/Unknown,N/A,2.0,N,5.0,60.0,-850.384007422687,64.6,15.035450590177842,Underprotected,10.0,2025-05-15,0,2,0,0
A100597,East Bay,Transmission,Pipeline Casing,Steel,None/Unknown,N/A,2.0,N,5.0,217.58898414986714,-934.9945796044067,24.2,26.603687362008447,Adequate,10.0,2025-05-15,0,4,0,0
A100598,Central Coast,Transmission,Test Station,Steel,N/A,Seamless,2.0,Y,4.0,219.68368632111628,-922.6044837421853,62.1,24.78127987067409,Overprotected,9.0,2025-05-15,1,5,0,0
A100599,South Bay,Distribution,Gas Transmission Pipeline,PE,N/A,SAW,1.0,N,5.0,60.0,-912.5455091806339,35.5,14.966742476155662,Overprotected,8.0,2025-05-15,1,5,0,0
A100600,Central Coast,Distribution,Launcher/Receiver,PE,Coal Tar,ERW,2.0,N,4.0,118.7315730507177,-925.2810944328231,24.2,9.107406002269318,Adequate,7.0,2025-05-15,1,4,0,0
A100601,Central Coast,Transmission,Test Station,N/A,None/Unknown,ERW,1.0,N,3.0,313.17840168504983,-983.5991964714722,7.2,33.045799677585464,Underprotected,8.0,2025-05-15,0,4,0,0
A100602,Central Coast,Transmission,Regulator Station,Steel,Coal Tar,ERW,1.0,N,4.0,206.8701244480792,-823.924444718368,5.4,27.473852378273,Adequate,10.0,2025-05-15,1,4,0,0
A100603,East Bay,Transmission,Pipeline Casing,PE,FBE,N/A,3.0,N,5.0,243.24705737605868,-859.7913316039449,18.7,33.70548599690808,Adequate,7.0,2025-05-15,0,3,0,1
A100604,East Bay,Transmission,CP Rectifier,Steel,Tape Wrap,N/A,1.0,N,3.0,335.8400187193181,-879.5783359606169,25.8,21.513124331791037,Unknown,7.0,2025-05-15,0,1,0,0
A100606,North Bay,Distribution,Regulator Station,Steel,Asphalt Enamel,N/A,3.0,Y,4.0,60.0,-876.6293405721393,54.2,14.69995063063645,Adequate,9.0,2025-05-15,0,4,0,0
A100607,Sierra,Distribution,Pipeline Casing,Steel,FBE,N/A,1.0,N,5.0,81.21677351209671,-942.6245732785799,58.6,9.863739947889266,Adequate,8.0,2025-05-15,0,2,0,0
A100608,Central Coast,Transmission,Anode Bed,Steel,FBE,Seamless,3.0,N,2.0,218.51605280813868,-807.2689953889114,46.0,37.26796553845933,Unknown,6.0,2025-05-15,0,1,0,0
A100611,East Bay,Transmission,Gas Distribution Main,Steel,N/A,Seamless,3.0,N,4.0,250.36374596485157,-885.0477708289999,14.9,22.56935317529808,Overprotected,7.0,2025-05-15,0,5,0,0
A100612,South Bay,Distribution,Regulator Station,Steel,FBE,Seamless,4.0,N,5.0,60.0,-856.51319411762,66.1,13.979253249115068,Unknown,8.0,2025-05-15,0,4,0,0
A100613,South Bay,Distribution,Test Station,Steel,FBE,SAW,1.0,N,3.0,91.39426008548617,-921.2638391528196,60.9,12.369653802194067,Adequate,7.0,2025-05-15,0,6,0,0
A100614,North Bay,Distribution,Anode Bed,Steel,Tape Wrap,ERW,1.0,N,5.0,64.19234517468787,-780.7432753902535,5.8,17.449051845868794,Underprotected,10.0,2025-05-15,1,6,0,0
A100616,North Bay,Transmission,Valve Station,PE,FBE,ERW,1.0,N,3.0,292.2012088547443,-916.4175105734059,29.7,26.692285087487946,Adequate,5.0,2025-05-15,0,2,0,0
A100617,Central Coast,Distribution,Service Line/Riser,Steel,Asphalt Enamel,ERW,3.0,N,5.0,121.06745731754029,-942.0151513235501,39.0,9.732404242795436,Underprotected,10.0,2025-05-15,0,6,0,0
A100618,East Bay,Distribution,Valve Station,Steel,None/Unknown,ERW,2.0,N,1.0,152.34435351828097,-913.4337933244655,19.5,23.0989020915655,Adequate,5.0,2025-05-15,0,3,0,0
A100621,San Francisco,Distribution,Pipeline Casing,Steel,Coal Tar,SAW,2.0,N,4.0,109.08990515255003,-850.8768544945126,39.0,14.6912261720725,Adequate,9.0,2025-05-15,0,3,1,0
A100626,Sierra,Transmission,Anode Bed,Steel,Coal Tar,ERW,1.0,N,3.0,249.97584291670358,-862.6423631242671,56.2,21.329719778328872,Underprotected,9.0,2025-05-15,1,5,0,0
A100627,Central Coast,Transmission,Valve Station,PE,Asphalt Enamel,SAW,1.0,Y,5.0,219.4574641787616,-864.7389274104248,63.2,31.442801746894727,Adequate,9.0,2025-05-15,0,3,0,0
A100628,North Bay,Transmission,Regulator Station,PE,Asphalt Enamel,ERW,1.0,N,4.0,292.9478120247427,-928.454209513121,34.6,27.082546716997776,Unknown,7.0,2025-05-15,0,2,0,0
A100629,San Francisco,Distribution,Service Line/Riser,Cast Iron,FBE,SAW,2.0,Y,3.0,60.0,-860.7219505034063,17.5,7.718421736553465,Unknown,9.0,2025-05-15,0,4,0,0
A100630,Sierra,Distribution,Test Station,Steel,Coal Tar,SAW,2.0,N,3.0,137.2679817501089,-899.0132272017489,54.6,3.732501442376284,Adequate,7.0,2025-05-15,0,2,0,0
A100633,Sierra,Transmission,Valve Station,Steel,Tape Wrap,N/A,2.0,N,1.0,243.68909459624618,-851.0675068802184,12.7,13.56591479208782,Underprotected,6.0,2025-05-15,0,2,0,0
A100634,Central Coast,Transmission,Service Line/Riser,Steel,Coal Tar,SAW,3.0,N,4.0,303.6681158080899,-977.6528818962144,44.0,24.828410004132653,Unknown,8.0,2025-05-15,0,3,0,0
A100636,San Francisco,Transmission,CP Rectifier,Steel,FBE,ERW,2.0,N,4.0,232.93784809010046,-928.3382282562405,36.2,7.4272393342255825,Adequate,6.0,2025-05-15,0,2,0,0
A100637,South Bay,Distribution,Gas Distribution Main,Steel,Tape Wrap,Seamless,2.0,N,4.0,60.0,-922.0938693894946,49.6,12.116156664871449,Unknown,8.0,2025-05-15,0,2,0,0
A100638,Central Coast,Distribution,CP Rectifier,Steel,None/Unknown,SAW,1.0,N,3.0,94.01828429207136,-865.7142463739725,51.0,13.439726463500484,Adequate,8.0,2025-05-15,0,4,0,0
A100639,South Bay,Transmission,Gas Distribution Main,Steel,Coal Tar,N/A,1.0,N,5.0,224.6806882255125,-842.5395075784984,56.8,23.447709901582247,Overprotected,10.0,2025-05-15,0,5,1,0
A100640,Central Coast,Distribution,Valve Station,Steel,Coal Tar,ERW,2.0,N,3.0,60.0,-892.8718719755028,9.7,4.781077659734158,Adequate,6.0,2025-05-15,0,2,0,0
A100642,Sierra,Transmission,Launcher/Receiver,Cast Iron,FBE,SAW,3.0,N,1.0,241.8995809122336,-836.8932813841129,51.4,19.16107117563788,Adequate,6.0,2025-05-15,0,3,0,0
A100643,North Bay,Distribution,Test Station,PE,FBE,N/A,1.0,N,4.0,115.54513354533113,-907.5689664425356,39.3,16.16542931574051,Underprotected,8.0,2025-05-15,0,4,1,0
A100646,North Bay,Distribution,Test Station,Steel,Tape Wrap,ERW,2.0,N,4.0,63.33743528292901,-964.1949906433196,23.8,7.635062681888269,Underprotected,9.0,2025-05-15,1,5,0,0
A100648,South Bay,Transmission,Gas Distribution Main,Wrought Iron,Coal Tar,SAW,1.0,N,2.0,285.02482071263387,-829.099014017433,62.1,16.533400029824747,Underprotected,10.0,2025-05-15,0,4,0,0
A100649,Sierra,Transmission,Test Station,Steel,N/A,SAW,1.0,N,3.0,294.060558748885,-868.6807301718715,36.0,19.65607125624323,Adequate,6.0,2025-05-15,1,5,0,0
A100651,North Bay,Transmission,Service Line/Riser,PE,N/A,Seamless,1.0,Y,5.0,309.51101089543374,-950.4171067334428,43.8,24.6635630039469,Underprotected,10.0,2025-05-15,0,5,0,0
A100652,Central Coast,Transmission,Valve Station,Wrought Iron,FBE,N/A,2.0,N,5.0,250.18442521812776,-831.8483794995287,16.1,26.37237060551066,Underprotected,10.0,2025-05-15,0,3,0,0
A100654,San Francisco,Distribution,Pipeline Casing,PE,None/Unknown,ERW,2.0,N,5.0,132.57839190224783,-915.6783984809155,25.3,2.0,Adequate,10.0,2025-05-15,0,2,0,0
A100656,San Francisco,Distribution,Gas Transmission Pipeline,Steel,Tape Wrap,Seamless,1.0,Y,3.0,66.30486668680936,-935.8045316309853,62.2,6.316430275955092,Adequate,8.0,2025-05-15,1,4,0,0
A100657,San Francisco,Distribution,Gas Transmission Pipeline,Steel,None/Unknown,Seamless,4.0,N,3.0,104.28801645244579,-874.4773174769106,45.5,11.43896877929005,Unknown,8.0,2025-05-15,0,1,0,0
A100658,North Bay,Transmission,Launcher/Receiver,Steel,Tape Wrap,SAW,3.0,N,4.0,281.1041871047662,-974.0561187970369,65.0,25.828610345547812,Adequate,8.0,2025-05-15,0,3,0,0
A100660,South Bay,Transmission,Gas Transmission Pipeline,Steel,None/Unknown,SAW,1.0,N,3.0,221.77058614018267,-868.0388578933089,36.6,29.742787584203402,Unknown,8.0,2025-05-15,0,5,0,0
A100662,North Bay,Transmission,Valve Station,Steel,None/Unknown,Seamless,2.0,N,1.0,266.4382696966644,-898.64322044794,41.1,20.05487489571721,Adequate,5.0,2025-05-15,0,1,0,0
A100665,South Bay,Transmission,Anode Bed,Steel,N/A,N/A,2.0,N,3.0,288.3867508433593,-888.0718764013012,12.4,17.358278007061074,Adequate,5.0,2025-05-15,0,0,0,0
A100667,Central Coast,Transmission,Pipeline Casing,Steel,None/Unknown,SAW,1.0,N,3.0,261.80116237047355,-886.9139225263511,35.6,33.532930985933305,Unknown,8.0,2025-05-15,0,4,1,0
A100668,San Francisco,Transmission,Valve Station,Steel,FBE,N/A,1.0,N,4.0,207.25647183893,-741.0589408185322,38.5,9.227264625472785,Adequate,9.0,2025-05-15,0,3,0,0
A100669,Central Coast,Transmission,Launcher/Receiver,PE,FBE,N/A,2.0,N,1.0,217.6635668478257,-932.3964849038148,50.3,20.850712140031767,Underprotected,5.0,2025-05-15,0,3,0,1
A100672,San Francisco,Distribution,Regulator Station,Cast Iron,N/A,ERW,1.0,N,3.0,60.0,-936.0057123736534,64.1,27.607028110586256,Overprotected,7.0,2025-05-15,0,3,0,0
A100674,East Bay,Distribution,Pipeline Casing,Steel,Tape Wrap,N/A,1.0,N,5.0,64.47025776670557,-876.959095730028,11.2,5.111504846413709,Overprotected,10.0,2025-05-15,0,5,0,0
A100675,East Bay,Transmission,Launcher/Receiver,Steel,Tape Wrap,Seamless,1.0,Y,2.0,237.46077799537068,-961.5358048544895,59.1,36.66830283636345,Adequate,7.0,2025-05-15,0,5,0,0
A100685,South Bay,Distribution,Gas Distribution Main,Steel,None/Unknown,ERW,2.0,N,2.0,160.1665004327788,-860.6356284756226,67.4,19.46265810220377,Overprotected,7.0,2025-05-15,0,2,0,0
A100686,South Bay,Distribution,Test Station,PE,FBE,N/A,1.0,Y,2.0,60.0,-876.6678488382879,26.1,18.77755683764179,Adequate,6.0,2025-05-15,0,4,0,0
A100688,San Francisco,Transmission,Valve Station,N/A,None/Unknown,SAW,1.0,N,2.0,282.49920253068626,-863.9641906774453,59.9,11.451600136697923,Underprotected,8.0,2025-05-15,0,3,0,0
A100689,San Francisco,Distribution,Gas Transmission Pipeline,Steel,Asphalt Enamel,SAW,2.0,N,4.0,111.66589939196179,-754.1440349116532,58.3,18.561455457624646,Overprotected,10.0,2025-05-15,0,6,0,1
A100691,South Bay,Distribution,Gas Distribution Main,Steel,None/Unknown,N/A,1.0,N,3.0,67.89317145796468,-894.5575575494369,25.9,20.24201590141575,Adequate,7.0,2025-05-15,0,1,0,0
A100693,Central Coast,Transmission,Anode Bed,Steel,None/Unknown,N/A,1.0,Y,5.0,240.50412493749593,-902.3538440897453,69.7,29.20796199421449,Adequate,10.0,2025-05-15,0,3,0,0
A100694,Central Coast,Distribution,Anode Bed,Steel,Asphalt Enamel,Seamless,1.0,N,4.0,136.5065331302206,-819.6305044496665,69.1,19.40738145895963,Adequate,9.0,2025-05-15,0,4,0,0
A100696,East Bay,Distribution,Pipeline Casing,Steel,FBE,SAW,3.0,N,2.0,88.27409658244501,-844.491515025766,11.7,14.164413828633824,Adequate,6.0,2025-05-15,0,1,0,0
A100697,North Bay,Transmission,Pipeline Casing,Steel,None/Unknown,ERW,2.0,N,4.0,243.139296631676,-866.8225813800973,20.4,22.270414322439972,Adequate,8.0,2025-05-15,0,2,0,0
A100698,San Francisco,Transmission,Test Station,PE,N/A,ERW,4.0,N,2.0,181.9348992487951,-920.949602411894,41.5,23.423480666688047,Adequate,5.0,2025-05-15,0,1,0,0
A100699,Central Coast,Distribution,Regulator Station,Steel,FBE,Seamless,1.0,N,1.0,131.50007606842092,-842.3296941531613,42.9,18.366249173740613,Adequate,6.0,2025-05-15,0,2,0,0
A100700,North Bay,Transmission,Anode Bed,PE,Tape Wrap,N/A,4.0,N,2.0,247.12249687960664,-873.0651135965657,35.1,20.515786588285632,Underprotected,9.0,2025-05-15,0,2,0,0
A100701,North Bay,Transmission,Valve Station,N/A,FBE,Seamless,1.0,Y,1.0,221.41883734659194,-812.3549138037182,14.3,22.805193633276872,Unknown,5.0,2025-05-15,0,4,1,0
A100703,Sierra,Transmission,CP Rectifier,Steel,Coal Tar,SAW,2.0,N,5.0,202.61798367217426,-924.6483648860036,67.9,27.27058056317494,Adequate,9.0,2025-05-15,0,5,0,0
A100705,San Francisco,Distribution,Gas Transmission Pipeline,Steel,Tape Wrap,ERW,3.0,N,4.0,61.59838549343085,-889.76474280426,36.7,9.75597445905254,Adequate,8.0,2025-05-15,0,4,0,0
A100706,East Bay,Transmission,Anode Bed,Steel,FBE,N/A,1.0,N,3.0,260.442641623948,-880.6307132237558,10.8,22.121211353630343,Adequate,5.0,2025-05-15,0,2,0,0
A100709,San Francisco,Distribution,Regulator Station,Steel,None/Unknown,Seamless,2.0,N,4.0,92.9013651031107,-864.9255296237836,17.0,9.451054464854508,Adequate,8.0,2025-05-15,0,3,0,0
A100711,Central Coast,Transmission,Pipeline Casing,Steel,Coal Tar,ERW,1.0,N,4.0,234.38070690920475,-812.6343156153772,15.4,28.312148438537697,Unknown,9.0,2025-05-15,0,2,0,0
A100713,Sierra,Transmission,Gas Distribution Main,Steel,None/Unknown,SAW,1.0,N,2.0,266.12957593310904,-924.164599218416,10.9,18.901275631482353,Adequate,6.0,2025-05-15,0,2,0,0
A100714,South Bay,Transmission,Valve Station,Steel,N/A,Seamless,1.0,Y,2.0,157.95021612292538,-929.2946542364338,46.4,25.745601675357626,Overprotected,6.0,2025-05-15,0,2,0,0
A100716,San Francisco,Distribution,Gas Transmission Pipeline,Steel,FBE,N/A,3.0,Y,3.0,77.32603732835337,-975.0375435281144,27.3,10.614084259959025,Adequate,6.0,2025-05-15,0,3,0,0
A100717,North Bay,Transmission,Valve Station,Steel,None/Unknown,Seamless,2.0,Y,5.0,270.33605810416555,-770.904533058679,38.0,26.63775492902514,Unknown,10.0,2025-05-15,0,4,0,1
A100718,South Bay,Distribution,Pipeline Casing,Steel,Tape Wrap,SAW,2.0,N,3.0,170.57012973531835,-894.8003464868373,60.3,5.943787208365286,Underprotected,9.0,2025-05-15,0,4,1,0
A100719,South Bay,Transmission,Valve Station,Steel,Asphalt Enamel,SAW,2.0,N,4.0,300.0683587842403,-962.2888095147391,64.0,25.2134089606153,Overprotected,8.0,2025-05-15,0,3,0,0
A100720,South Bay,Transmission,Valve Station,Steel,Asphalt Enamel,Seamless,3.0,N,2.0,300.8784526840907,-835.4580472423033,69.4,17.159163992961076,Overprotected,8.0,2025-05-15,0,2,0,0
A100721,Central Coast,Transmission,Regulator Station,PE,Coal Tar,N/A,3.0,N,1.0,191.53210475242153,-711.9476401735753,68.9,21.34348087904125,Underprotected,8.0,2025-05-15,0,5,0,1
A100722,Sierra,Transmission,Gas Transmission Pipeline,Steel,N/A,SAW,1.0,N,2.0,243.83977018573668,-881.6184171088693,42.7,26.112727402793848,Underprotected,7.0,2025-05-15,0,1,0,0
A100723,South Bay,Transmission,Gas Transmission Pipeline,Steel,FBE,Seamless,2.0,N,5.0,268.91189025411626,-839.0487044288247,35.0,11.288488547683002,Adequate,9.0,2025-05-15,0,4,0,0
A100724,San Francisco,Transmission,Gas Distribution Main,Steel,Tape Wrap,ERW,1.0,N,3.0,266.5980506868854,-827.559259325814,66.2,34.347623469831774,Unknown,9.0,2025-05-15,1,5,0,0
A100726,South Bay,Distribution,Valve Station,Steel,FBE,Seamless,1.0,Y,1.0,116.69934410220347,-763.7873995806708,46.5,12.73269305751969,Adequate,6.0,2025-05-15,0,2,0,0
A100730,Sierra,Transmission,Gas Transmission Pipeline,PE,Coal Tar,N/A,1.0,Y,5.0,224.791128756732,-884.9777208855924,38.2,22.22082326726231,Adequate,9.0,2025-05-15,0,5,0,0
A100733,Central Coast,Distribution,Anode Bed,Steel,FBE,N/A,4.0,N,4.0,89.80405457377245,-836.3391365173736,46.5,2.0,Adequate,8.0,2025-05-15,0,2,0,0
A100734,San Francisco,Transmission,Launcher/Receiver,Steel,N/A,SAW,1.0,N,1.0,227.74279134305726,-850.4350571169274,28.3,20.37124325980863,Adequate,4.0,2025-05-15,0,0,0,0
A100735,San Francisco,Distribution,Anode Bed,Steel,None/Unknown,ERW,2.0,N,5.0,60.0,-840.9622062164163,20.9,20.67458691243973,Adequate,10.0,2025-05-15,1,7,0,0
A100736,North Bay,Transmission,Gas Distribution Main,Steel,N/A,Seamless,4.0,N,3.0,224.79213063458317,-822.8485302854195,67.8,29.99449523536593,Adequate,8.0,2025-05-15,0,4,0,0
A100737,East Bay,Transmission,Regulator Station,PE,Tape Wrap,N/A,1.0,N,2.0,199.8686042527447,-975.8860590132401,27.6,24.099900066361712,Underprotected,7.0,2025-05-15,1,4,0,0
A100738,Central Coast,Transmission,Anode Bed,PE,Coal Tar,SAW,1.0,N,3.0,227.99830739031233,-820.475776196735,60.5,26.45199472315418,Overprotected,9.0,2025-05-15,0,2,0,0
A100740,North Bay,Transmission,CP Rectifier,Steel,Tape Wrap,SAW,2.0,N,1.0,288.737603729667,-888.5895366342731,68.6,21.829105254382036,Underprotected,8.0,2025-05-15,0,3,0,0
A100742,East Bay,Transmission,Launcher/Receiver,Steel,None/Unknown,Seamless,2.0,N,1.0,254.98832475550844,-888.2629722057247,59.0,23.559856877118314,Unknown,6.0,2025-05-15,0,2,0,0
A100744,South Bay,Distribution,Test Station,Steel,Asphalt Enamel,ERW,1.0,N,4.0,66.13091149748881,-873.9189024642101,7.8,13.087848445957825,Unknown,7.0,2025-05-15,0,0,0,0
A100745,North Bay,Distribution,Gas Transmission Pipeline,Steel,Tape Wrap,SAW,1.0,N,3.0,137.73418977050153,-997.2060748476766,53.1,20.098394056397737,Underprotected,9.0,2025-05-15,0,3,0,0
A100746,North Bay,Transmission,Anode Bed,Steel,Asphalt Enamel,ERW,1.0,N,3.0,216.36942715902836,-917.2486669920277,10.0,16.913722412753053,Adequate,6.0,2025-05-15,0,4,0,0
A100748,Central Coast,Distribution,Gas Transmission Pipeline,Steel,Asphalt Enamel,ERW,1.0,N,1.0,96.38997074733605,-766.2095460622971,31.3,16.908560048632513,Adequate,7.0,2025-05-15,0,3,0,0
A100749,Central Coast,Distribution,Gas Distribution Main,Cast Iron,None/Unknown,SAW,2.0,N,2.0,60.0,-748.7344659988237,28.7,15.417117297006246,Adequate,9.0,2025-05-15,0,2,0,0
A100750,East Bay,Transmission,Valve Station,PE,Coal Tar,SAW,2.0,N,3.0,205.89957772092487,-847.6047838911691,36.0,33.68265166022455,Underprotected,10.0,2025-05-15,0,3,0,0
A100751,North Bay,Transmission,Gas Transmission Pipeline,Wrought Iron,None/Unknown,N/A,1.0,N,3.0,280.5583877627283,-790.2988871965796,60.1,19.531697662068915,Overprotected,10.0,2025-05-15,1,7,0,0
A100752,East Bay,Distribution,Valve Station,Steel,Coal Tar,Seamless,1.0,N,1.0,64.09027853880524,-808.4161940989327,69.8,10.245680691342113,Underprotected,9.0,2025-05-15,0,2,0,0
A100755,Sierra,Transmission,Launcher/Receiver,Steel,N/A,N/A,2.0,N,5.0,215.6114497732937,-842.4845457301561,18.1,22.23364512479362,Unknown,9.0,2025-05-15,0,3,0,0
A100757,South Bay,Distribution,Service Line/Riser,Steel,FBE,ERW,2.0,Y,2.0,90.07482050717277,-900.1517797734448,14.4,15.150475787306707,Adequate,6.0,2025-05-15,0,3,0,0
A100758,South Bay,Distribution,Anode Bed,Steel,Asphalt Enamel,Seamless,1.0,Y,2.0,161.72747632397693,-837.3358476728891,25.6,8.622191219199106,Overprotected,8.0,2025-05-15,0,4,0,0
A100759,South Bay,Transmission,Test Station,Steel,Tape Wrap,ERW,3.0,N,2.0,320.482227043826,-886.3672484734109,15.2,14.663110685191684,Adequate,5.0,2025-05-15,0,3,0,0
A100761,North Bay,Distribution,Service Line/Riser,Steel,Asphalt Enamel,SAW,2.0,N,1.0,117.10765732957739,-909.9410714055753,17.0,7.874394547098163,Adequate,5.0,2025-05-15,0,3,0,0
A100763,Central Coast,Distribution,Gas Transmission Pipeline,Steel,Coal Tar,N/A,2.0,N,4.0,177.81924180008266,-886.7885675937558,48.9,13.93741718316227,Adequate,8.0,2025-05-15,0,2,0,0
A100771,South Bay,Distribution,Valve Station,Steel,FBE,N/A,1.0,N,2.0,104.3205394155572,-918.3291767847423,51.7,11.589178454745483,Adequate,5.0,2025-05-15,1,3,0,0
A100774,South Bay,Transmission,Test Station,Steel,None/Unknown,N/A,1.0,Y,3.0,205.91396219522017,-767.2444166043683,56.0,18.510837822903714,Underprotected,10.0,2025-05-15,0,4,0,0
A100776,South Bay,Transmission,Regulator Station,PE,Tape Wrap,ERW,2.0,Y,1.0,151.08374294130462,-943.4171949071463,47.3,22.26191863816599,Underprotected,7.0,2025-05-15,0,4,0,0
A100779,East Bay,Distribution,Test Station,PE,Asphalt Enamel,SAW,3.0,N,5.0,60.0,-810.2081852897039,20.2,21.859076695260896,Adequate,9.0,2025-05-15,0,2,0,0
A100782,Sierra,Distribution,Launcher/Receiver,PE,None/Unknown,Seamless,2.0,Y,1.0,137.65028107127824,-810.7324230834088,7.2,5.590901744632189,Underprotected,9.0,2025-05-15,0,3,0,0
A100783,North Bay,Distribution,Gas Transmission Pipeline,Steel,None/Unknown,ERW,3.0,N,2.0,189.89266456308883,-894.7873447030283,55.6,14.934932422270421,Underprotected,10.0,2025-05-15,0,4,0,0
A100785,North Bay,Distribution,Valve Station,Steel,Coal Tar,Seamless,4.0,N,5.0,103.74593553383374,-903.7744352905248,60.2,12.420304348797316,Adequate,9.0,2025-05-15,0,3,0,0
A100788,Sierra,Transmission,Anode Bed,Steel,Tape Wrap,SAW,2.0,N,2.0,203.19461866940267,-805.6883285762015,56.5,13.177586007596462,Unknown,8.0,2025-05-15,0,3,0,0
A100789,North Bay,Transmission,Gas Distribution Main,Steel,Coal Tar,ERW,2.0,Y,3.0,275.57744842121275,-813.5250280934055,25.4,21.07284991401516,Adequate,9.0,2025-05-15,0,2,0,0
A100795,San Francisco,Distribution,Regulator Station,Steel,N/A,SAW,2.0,Y,3.0,123.07116115249603,-834.5117175411293,14.4,8.170682800115454,Overprotected,8.0,2025-05-15,0,2,0,0
A100797,East Bay,Transmission,Regulator Station,Steel,N/A,SAW,4.0,N,4.0,248.95570121716557,-766.4317694115786,57.5,15.402471236577153,Unknown,10.0,2025-05-15,1,6,0,0
A100799,South Bay,Transmission,Anode Bed,Steel,N/A,N/A,1.0,N,4.0,307.91800555137866,-948.6732576114603,35.6,23.128824174936284,Overprotected,7.0,2025-05-15,0,3,0,0
A100801,East Bay,Distribution,Launcher/Receiver,PE,Asphalt Enamel,SAW,2.0,N,2.0,60.0,-940.8095781254486,39.7,7.473647245762947,Underprotected,7.0,2025-05-15,0,4,1,0
A100802,North Bay,Transmission,Valve Station,PE,Tape Wrap,SAW,3.0,N,2.0,227.28827335830408,-827.144555072483,7.6,19.79518748156042,Adequate,7.0,2025-05-15,0,3,1,0
A100803,Central Coast,Transmission,Gas Distribution Main,Steel,None/Unknown,ERW,1.0,N,4.0,218.15486140150077,-916.8711604933223,17.2,18.80251907049874,Adequate,8.0,2025-05-15,0,5,0,0
A100804,South Bay,Transmission,Gas Distribution Main,Steel,FBE,ERW,3.0,N,4.0,318.53508290088905,-829.3074082249504,29.1,29.51017075467596,Adequate,9.0,2025-05-15,0,2,0,0
A100805,North Bay,Distribution,Test Station,PE,None/Unknown,N/A,1.0,N,3.0,66.67412085114637,-998.5181468830059,20.0,14.619880947961795,Adequate,6.0,2025-05-15,0,1,0,0
A100806,East Bay,Distribution,CP Rectifier,Steel,Asphalt Enamel,Seamless,1.0,N,2.0,60.0,-798.7331314593405,54.7,16.631566944879513,Unknown,9.0,2025-05-15,0,4,0,0
A100808,East Bay,Distribution,CP Rectifier,Steel,N/A,Seamless,3.0,N,3.0,60.0,-868.0183644362558,12.0,14.401601358122022,Underprotected,7.0,2025-05-15,0,3,0,0
A100809,East Bay,Transmission,Gas Distribution Main,Steel,FBE,N/A,2.0,N,2.0,310.5325633075145,-797.4510375942389,50.9,7.999153967358655,Underprotected,8.0,2025-05-15,0,4,0,0
A100810,North Bay,Transmission,CP Rectifier,Cast Iron,Tape Wrap,N/A,2.0,Y,2.0,235.94155742370353,-888.8534792826673,45.7,23.192386121419133,Overprotected,8.0,2025-05-15,0,4,0,0
A100812,San Francisco,Transmission,Launcher/Receiver,PE,N/A,N/A,2.0,Y,5.0,274.0487464974487,-839.3712948477479,20.1,26.359693016249096,Adequate,9.0,2025-05-15,0,4,0,0
A100815,San Francisco,Transmission,Pipeline Casing,Steel,None/Unknown,N/A,1.0,Y,1.0,311.0494293144543,-868.9876607133283,36.5,25.06496310738777,Overprotected,7.0,2025-05-15,0,2,1,0
A100817,Central Coast,Transmission,Service Line/Riser,PE,Asphalt Enamel,Seamless,2.0,Y,4.0,225.59785792892228,-851.1837172324898,40.4,23.382023989385836,Underprotected,10.0,2025-05-15,0,5,0,1
A100818,Central Coast,Transmission,Regulator Station,Steel,N/A,Seamless,2.0,Y,3.0,228.77096473110532,-859.3572967336985,20.9,8.917347442042134,Adequate,6.0,2025-05-15,0,0,0,0
A100821,North Bay,Distribution,Regulator Station,Steel,Asphalt Enamel,ERW,2.0,Y,4.0,170.2313539146583,-939.6271644869998,52.2,20.38060173604105,Underprotected,10.0,2025-05-15,0,3,0,0
A100822,Sierra,Distribution,Regulator Station,Steel,Coal Tar,ERW,1.0,Y,5.0,60.0,-761.3216776143734,58.1,17.2108916874837,Unknown,10.0,2025-05-15,0,3,0,0
A100827,Sierra,Transmission,Test Station,Steel,None/Unknown,N/A,3.0,N,4.0,306.38950749937123,-885.1348524686306,22.4,23.171653847269628,Underprotected,10.0,2025-05-15,1,3,0,0
A100830,Sierra,Distribution,Service Line/Riser,Steel,Coal Tar,ERW,2.0,Y,4.0,60.0,-854.3634068524634,47.5,27.175128415910375,Adequate,9.0,2025-05-15,1,6,0,0
A100831,Sierra,Distribution,Regulator Station,PE,Tape Wrap,Seamless,1.0,N,1.0,86.46434362223864,-900.7719246921316,62.5,7.361154038118846,Unknown,5.0,2025-05-15,0,3,0,0
A100832,Central Coast,Transmission,Anode Bed,Cast Iron,Tape Wrap,ERW,2.0,Y,3.0,308.9167187347606,-827.2940165640467,12.9,31.783545958071524,Unknown,10.0,2025-05-15,0,4,0,0
A100833,East Bay,Transmission,CP Rectifier,Steel,N/A,Seamless,1.0,N,2.0,240.49440226471825,-920.7583409944148,47.5,21.630534426203702,Overprotected,5.0,2025-05-15,0,3,1,0
A100836,San Francisco,Transmission,Pipeline Casing,Steel,Coal Tar,ERW,2.0,Y,1.0,265.2100107672575,-852.6559549576531,18.9,15.686282314556616,Unknown,7.0,2025-05-15,0,5,1,0
A100839,South Bay,Transmission,Regulator Station,Steel,Coal Tar,N/A,1.0,N,4.0,203.04381190968198,-829.7898601131824,9.6,21.64344959060662,Underprotected,10.0,2025-05-15,0,3,0,0
A100840,South Bay,Transmission,Gas Distribution Main,Steel,Asphalt Enamel,SAW,2.0,N,5.0,293.7035963711635,-853.5268369880973,59.9,20.131863335754943,Adequate,9.0,2025-05-15,1,5,0,0
A100841,Central Coast,Distribution,Gas Distribution Main,Steel,Tape Wrap,Seamless,2.0,N,2.0,60.0,-821.6095069734587,9.9,16.090406730656373,Adequate,7.0,2025-05-15,0,4,0,0
A100843,Central Coast,Distribution,Regulator Station,Steel,Tape Wrap,N/A,2.0,Y,2.0,80.70100230856102,-869.790058519856,59.9,8.16711705045406,Adequate,7.0,2025-05-15,0,2,0,0
A100845,Central Coast,Distribution,Service Line/Riser,Steel,Tape Wrap,ERW,1.0,Y,4.0,60.0,-963.8817597547427,45.7,16.699399282757096,Adequate,10.0,2025-05-15,0,4,0,0
A100846,East Bay,Transmission,CP Rectifier,Steel,Tape Wrap,SAW,1.0,N,4.0,277.91282095580954,-930.577858805253,33.8,23.731757325887493,Adequate,8.0,2025-05-15,1,7,0,0
A100848,Central Coast,Distribution,Pipeline Casing,PE,FBE,N/A,3.0,N,4.0,87.34815418682255,-766.2024624436651,33.6,15.310823864640518,Underprotected,9.0,2025-05-15,0,4,0,0
A100850,South Bay,Transmission,Anode Bed,Steel,Asphalt Enamel,SAW,1.0,Y,4.0,225.19818671235146,-870.8945474555511,6.5,21.390793109452794,Adequate,8.0,2025-05-15,1,5,0,0
A100851,San Francisco,Transmission,Gas Transmission Pipeline,PE,N/A,N/A,2.0,N,5.0,206.18782124709543,-896.5481162821798,69.8,22.269190387709724,Underprotected,10.0,2025-05-15,0,3,1,0
A100853,East Bay,Distribution,Gas Transmission Pipeline,Steel,Tape Wrap,N/A,1.0,N,1.0,164.68955254837635,-938.1641840610743,14.7,12.320679964020167,Unknown,6.0,2025-05-15,0,3,0,0
A100855,Sierra,Transmission,CP Rectifier,Steel,Coal Tar,N/A,1.0,Y,4.0,279.5510353375221,-921.8437468628284,10.0,18.3380197685201,Adequate,8.0,2025-05-15,0,3,0,0
A100858,San Francisco,Distribution,Regulator Station,Steel,N/A,ERW,1.0,Y,3.0,133.98546413634114,-884.7683370318749,44.4,12.867005337837524,Adequate,7.0,2025-05-15,0,1,0,0
A100859,San Francisco,Distribution,Gas Transmission Pipeline,PE,Tape Wrap,ERW,1.0,N,4.0,60.0,-874.3218557203195,25.9,13.824300692168208,Adequate,7.0,2025-05-15,0,1,0,0
A100860,North Bay,Distribution,Gas Distribution Main,Steel,Tape Wrap,ERW,1.0,N,2.0,106.41967202220982,-880.992879370812,14.5,2.0,Adequate,5.0,2025-05-15,0,1,0,0
A100864,San Francisco,Distribution,CP Rectifier,Steel,N/A,SAW,3.0,Y,2.0,115.25665511494421,-920.0874639389515,8.2,18.262095223717015,Adequate,5.0,2025-05-15,0,3,0,1
A100866,San Francisco,Distribution,Gas Transmission Pipeline,N/A,Coal Tar,SAW,2.0,Y,2.0,176.23675944370748,-829.4182549161239,17.5,5.06838313048442,Adequate,7.0,2025-05-15,0,0,0,0
A100869,Sierra,Transmission,Service Line/Riser,Steel,FBE,ERW,2.0,N,1.0,259.81299225330093,-934.613043279595,31.8,31.483721862157903,Underprotected,5.0,2025-05-15,0,1,0,0
A100871,Sierra,Transmission,Pipeline Casing,Steel,N/A,SAW,2.0,N,3.0,263.5658773548725,-919.4825996157687,48.5,25.95404523664422,Underprotected,8.0,2025-05-15,0,2,0,0
A100873,South Bay,Transmission,Test Station,Steel,Coal Tar,Seamless,2.0,N,2.0,223.2500168334536,-782.1769610082893,46.7,27.14766570605068,Unknown,8.0,2025-05-15,0,3,0,0
A100876,Sierra,Distribution,Regulator Station,Steel,None/Unknown,ERW,2.0,N,1.0,106.07630545987148,-884.0221795520987,56.9,21.281840691159434,Adequate,6.0,2025-05-15,0,3,0,0
A100880,Central Coast,Distribution,Gas Transmission Pipeline,Steel,FBE,Seamless,1.0,Y,1.0,124.9737794107667,-865.3798879445579,22.9,7.283598600845237,Overprotected,4.0,2025-05-15,0,4,0,0
A100881,San Francisco,Transmission,Service Line/Riser,Steel,Tape Wrap,SAW,1.0,N,4.0,273.3613977922495,-848.3176566073446,56.4,28.92418598672557,Adequate,10.0,2025-05-15,1,4,0,0
A100882,Central Coast,Transmission,Regulator Station,Steel,None/Unknown,ERW,1.0,N,5.0,296.62670290578217,-863.9926519840161,26.3,26.41872382621419,Adequate,9.0,2025-05-15,0,1,0,1
A100885,East Bay,Distribution,Anode Bed,Steel,Asphalt Enamel,Seamless,2.0,Y,2.0,76.04227598930488,-914.9363954287074,66.7,10.07357396288187,Unknown,7.0,2025-05-15,0,4,0,0
A100886,North Bay,Distribution,Test Station,PE,N/A,Seamless,3.0,N,1.0,149.41187454758187,-734.7686925776193,10.9,15.621775121997734,Overprotected,5.0,2025-05-15,0,2,0,0
A100887,East Bay,Distribution,Service Line/Riser,Steel,Asphalt Enamel,Seamless,1.0,Y,5.0,99.63643642745392,-829.5172086762736,53.8,9.022800137620198,Underprotected,10.0,2025-05-15,0,4,0,0
A100888,Central Coast,Distribution,CP Rectifier,Steel,Asphalt Enamel,ERW,2.0,N,1.0,60.0,-839.6890579703976,21.4,13.202706561581723,Adequate,6.0,2025-05-15,0,2,0,0
A100889,East Bay,Transmission,Valve Station,Steel,Tape Wrap,N/A,1.0,Y,3.0,254.51754010888027,-836.3588056698947,33.2,30.605169172535906,Adequate,9.0,2025-05-15,0,2,0,0
A100891,Sierra,Distribution,Service Line/Riser,Steel,N/A,ERW,1.0,N,4.0,71.07517704568528,-778.5603548619115,59.1,9.388326170840564,Adequate,9.0,2025-05-15,0,3,0,0
A100892,North Bay,Transmission,CP Rectifier,PE,Asphalt Enamel,Seamless,1.0,Y,1.0,226.07639866624075,-904.6108369511907,9.6,19.073174885279553,Underprotected,8.0,2025-05-15,0,4,0,0
A100894,North Bay,Distribution,Regulator Station,Steel,None/Unknown,N/A,1.0,N,4.0,60.0,-775.8253124957611,9.8,8.198527559966895,Adequate,9.0,2025-05-15,0,4,0,0
A100896,East Bay,Distribution,Gas Distribution Main,N/A,FBE,SAW,1.0,N,4.0,178.25920898752963,-944.6608141798573,54.9,10.09282152258787,Unknown,8.0,2025-05-15,0,4,0,0
A100898,East Bay,Distribution,Gas Distribution Main,Steel,Asphalt Enamel,N/A,1.0,Y,4.0,60.0,-964.2986142004081,40.2,15.118437546165179,Adequate,8.0,2025-05-15,0,3,0,0
A100899,Sierra,Transmission,Gas Transmission Pipeline,Steel,None/Unknown,ERW,1.0,N,1.0,254.2006014410271,-917.3279609689454,67.9,22.158324663160176,Adequate,7.0,2025-05-15,0,1,0,0
